path_to_study;study_uid;image_uid;anatomical_region;quality_class;violation_type;processing_status;time_of_processing
Датасет/НД_для_обучения/Исследования/1.2.840.113619.2.110.512719.20250403090444/series_004_3_CR/DXA/CR DXA/CR000000.dcm;1.2.643.5.1.13.13.12.2.77.8252.08110703091310150605090907130304;1.2.643.5.1.13.13.12.2.77.8252.14031015091008031013040205110915;spine;0;no_violation;Success;0.0916
Датасет/НД_для_обучения/Исследования/1.2.840.113619.2.110.512719.20250403090444/series_004_3_CR/DXA/CR DXA/CR000001.dcm;1.2.643.5.1.13.13.12.2.77.8252.08110703091310150605090907130304;1.2.643.5.1.13.13.12.2.77.8252.03030811151201151502050615010000;spine;0;no_violation;Success;0.0348
Датасет/НД_для_обучения/Исследования/1.2.840.113619.2.110.512719.20250403090444/series_004_3_CR/DXA/CR DXA/CR000002.dcm;1.2.643.5.1.13.13.12.2.77.8252.08110703091310150605090907130304;1.2.643.5.1.13.13.12.2.77.8252.06000812101106141213041404150112;spine;0;no_violation;Success;0.0339
Датасет/НД_для_обучения/Исследования/1.2.840.113619.2.110.512719.20250403090444/series_004_3_CR/DXA/CR DXA/CR000003.dcm;1.2.643.5.1.13.13.12.2.77.8252.08110703091310150605090907130304;1.2.643.5.1.13.13.12.2.77.8252.10130209021503050013090302090705;spine;0;no_violation;Success;0.0339
Датасет/НД_для_обучения/Исследования/1.2.840.113619.2.110.512719.20250403090444/series_004_3_CR/DXA/CR DXA/CR000004.dcm;1.2.643.5.1.13.13.12.2.77.8252.08110703091310150605090907130304;1.2.643.5.1.13.13.12.2.77.8252.13011105091309080008130511041109;spine;0;no_violation;Success;0.036
Датасет/НД_для_обучения/Исследования/1.2.840.113619.2.110.512719.20250403090444/series_004_3_CR/DXA/CR DXA/CR000005.dcm;1.2.643.5.1.13.13.12.2.77.8252.08110703091310150605090907130304;1.2.643.5.1.13.13.12.2.77.8252.04131215000514000414051510091103;spine;0;no_violation;Success;0.0349
Датасет/НД_для_обучения/Исследования/1.2.840.113619.2.110.512719.20250403092052/series_003_3_CR/DXA/CR DXA/CR000000.dcm;1.2.643.5.1.13.13.12.2.77.8252.06000805130607060714150602050114;1.2.643.5.1.13.13.12.2.77.8252.06140010030611061314081200121305;spine;0;no_violation;Success;0.0333
Датасет/НД_для_обучения/Исследования/1.2.840.113619.2.110.512719.20250403092052/series_003_3_CR/DXA/CR DXA/CR000001.dcm;1.2.643.5.1.13.13.12.2.77.8252.06000805130607060714150602050114;1.2.643.5.1.13.13.12.2.77.8252.09050515110402090102050206010406;hip;1;position_rotation;Success;0.0359
Датасет/НД_для_обучения/Исследования/1.2.840.113619.2.110.512719.20250403092052/series_003_3_CR/DXA/CR DXA/CR000002.dcm;1.2.643.5.1.13.13.12.2.77.8252.06000805130607060714150602050114;1.2.643.5.1.13.13.12.2.77.8252.09040712010609120601031410140610;spine;0;no_violation;Success;0.0392
Датасет/НД_для_обучения/Исследования/1.2.840.113619.2.110.512719.20250403092052/series_003_3_CR/DXA/CR DXA/CR000003.dcm;1.2.643.5.1.13.13.12.2.77.8252.06000805130607060714150602050114;1.2.643.5.1.13.13.12.2.77.8252.07120303070106110214090814060908;spine;0;no_violation;Success;0.0375
Датасет/НД_для_обучения/Исследования/1.2.840.113619.2.110.512719.20250403092052/series_003_3_CR/DXA/CR DXA/CR000004.dcm;1.2.643.5.1.13.13.12.2.77.8252.06000805130607060714150602050114;1.2.643.5.1.13.13.12.2.77.8252.14060811030909110008140112131212;spine;0;no_violation;Success;0.0356
Датасет/НД_для_обучения/Исследования/1.2.840.113619.2.110.512719.20250403092052/series_003_3_CR/DXA/CR DXA/CR000005.dcm;1.2.643.5.1.13.13.12.2.77.8252.06000805130607060714150602050114;1.2.643.5.1.13.13.12.2.77.8252.06111207031100151513000412070105;hip;1;position_rotation;Success;0.0465
Датасет/НД_для_обучения/Исследования/1.2.840.113619.2.110.512719.20250407113211/series_001_2_CR/DXA/CR DXA/CR000000.dcm;1.2.643.5.1.13.13.12.2.77.8252.02060902040212120608040605100100;1.2.643.5.1.13.13.12.2.77.8252.07140808121311040315101301051200;spine;0;no_violation;Success;0.0355
Датасет/НД_для_обучения/Исследования/1.2.840.113619.2.110.512719.20250407113211/series_001_2_CR/DXA/CR DXA/CR000001.dcm;1.2.643.5.1.13.13.12.2.77.8252.02060902040212120608040605100100;1.2.643.5.1.13.13.12.2.77.8252.10011302120900111505101501141402;spine;0;no_violation;Success;0.0399
Датасет/НД_для_обучения/Исследования/1.2.840.113619.2.110.512719.20250407113211/series_001_2_CR/DXA/CR DXA/CR000002.dcm;1.2.643.5.1.13.13.12.2.77.8252.02060902040212120608040605100100;1.2.643.5.1.13.13.12.2.77.8252.03030413031313090107050002151508;spine;0;no_violation;Success;0.0379
Датасет/НД_для_обучения/Исследования/1.2.840.113619.2.110.512719.20250407113211/series_001_2_CR/DXA/CR DXA/CR000003.dcm;1.2.643.5.1.13.13.12.2.77.8252.02060902040212120608040605100100;1.2.643.5.1.13.13.12.2.77.8252.13101207101114060008151413130115;spine;0;no_violation;Success;0.0395
Датасет/НД_для_обучения/Исследования/1.2.840.113619.2.110.512719.20250407113211/series_001_2_CR/DXA/CR DXA/CR000004.dcm;1.2.643.5.1.13.13.12.2.77.8252.02060902040212120608040605100100;1.2.643.5.1.13.13.12.2.77.8252.07150612000412081110110102150004;spine;0;no_violation;Success;0.0412
Датасет/НД_для_обучения/Исследования/1.2.840.113619.2.110.512719.20250407113211/series_001_2_CR/DXA/CR DXA/CR000005.dcm;1.2.643.5.1.13.13.12.2.77.8252.02060902040212120608040605100100;1.2.643.5.1.13.13.12.2.77.8252.08010006000103071201020606001302;spine;0;no_violation;Success;0.0411
Датасет/НД_для_обучения/Исследования/2.25.10245777060263212829333021434108890537/series_003_2_CR/A2504412435 DXA/CR DXA/CR000000.dcm;1.2.643.5.1.13.13.12.2.77.8252.13060115000811100715140205030915;1.2.643.5.1.13.13.12.2.77.8252.07000215121313030213041009101409;hip;0;no_violation;Success;0.0406
Датасет/НД_для_обучения/Исследования/2.25.10245777060263212829333021434108890537/series_003_2_CR/A2504412435 DXA/CR DXA/CR000001.dcm;1.2.643.5.1.13.13.12.2.77.8252.13060115000811100715140205030915;1.2.643.5.1.13.13.12.2.77.8252.14131410040814100713070401091213;hip;1;position_rotation;Success;0.0431
Датасет/НД_для_обучения/Исследования/2.25.10245777060263212829333021434108890537/series_003_2_CR/A2504412435 DXA/CR DXA/CR000002.dcm;1.2.643.5.1.13.13.12.2.77.8252.13060115000811100715140205030915;1.2.643.5.1.13.13.12.2.77.8252.03081500040505121009070211080902;hip;0;no_violation;Success;0.0388
Датасет/НД_для_обучения/Исследования/2.25.102755089973625799055786462646268820450/series_002_2_CR/A2504257770 DXA/CR DXA/CR000000.dcm;1.2.643.5.1.13.13.12.2.77.8252.05091110020805070808081311010412;1.2.643.5.1.13.13.12.2.77.8252.01140903011212140408111315130511;spine;0;no_violation;Success;0.0375
Датасет/НД_для_обучения/Исследования/2.25.102755089973625799055786462646268820450/series_002_2_CR/A2504257770 DXA/CR DXA/CR000001.dcm;1.2.643.5.1.13.13.12.2.77.8252.05091110020805070808081311010412;1.2.643.5.1.13.13.12.2.77.8252.10030113050111051002020402141304;spine;0;no_violation;Success;0.0465
Датасет/НД_для_обучения/Исследования/2.25.102755089973625799055786462646268820450/series_002_2_CR/A2504257770 DXA/CR DXA/CR000002.dcm;1.2.643.5.1.13.13.12.2.77.8252.05091110020805070808081311010412;1.2.643.5.1.13.13.12.2.77.8252.10100907120107030904131503081506;spine;0;no_violation;Success;0.0468
Датасет/НД_для_обучения/Исследования/2.25.102755089973625799055786462646268820450/series_002_2_CR/A2504257770 DXA/CR DXA/CR000003.dcm;1.2.643.5.1.13.13.12.2.77.8252.05091110020805070808081311010412;1.2.643.5.1.13.13.12.2.77.8252.11020107010405070800051206110610;spine;0;no_violation;Success;0.0384
Датасет/НД_для_обучения/Исследования/2.25.102755089973625799055786462646268820450/series_002_2_CR/A2504257770 DXA/CR DXA/CR000004.dcm;1.2.643.5.1.13.13.12.2.77.8252.05091110020805070808081311010412;1.2.643.5.1.13.13.12.2.77.8252.07001207050006000600091513060701;spine;0;no_violation;Success;0.0387
Датасет/НД_для_обучения/Исследования/2.25.102755089973625799055786462646268820450/series_002_2_CR/A2504257770 DXA/CR DXA/CR000005.dcm;1.2.643.5.1.13.13.12.2.77.8252.05091110020805070808081311010412;1.2.643.5.1.13.13.12.2.77.8252.10091111150614140108020903000009;spine;0;no_violation;Success;0.0382
Датасет/НД_для_обучения/Исследования/2.25.102965897799404973225419898683246248872/series_001_2_CR/A250726353 DXA/CR DXA/CR000000.dcm;1.2.643.5.1.13.13.12.2.77.8252.02150001030902110114090106081007;1.2.643.5.1.13.13.12.2.77.8252.10140807011010031112140700150015;spine;0;no_violation;Success;0.0372
Датасет/НД_для_обучения/Исследования/2.25.102965897799404973225419898683246248872/series_001_2_CR/A250726353 DXA/CR DXA/CR000001.dcm;1.2.643.5.1.13.13.12.2.77.8252.02150001030902110114090106081007;1.2.643.5.1.13.13.12.2.77.8252.11011413051206050400150606100110;hip;1;position_rotation;Success;0.0434
Датасет/НД_для_обучения/Исследования/2.25.102965897799404973225419898683246248872/series_001_2_CR/A250726353 DXA/CR DXA/CR000002.dcm;1.2.643.5.1.13.13.12.2.77.8252.02150001030902110114090106081007;1.2.643.5.1.13.13.12.2.77.8252.06050309100102041203101101110913;spine;0;no_violation;Success;0.0413
Датасет/НД_для_обучения/Исследования/2.25.103868781101960771917584077315578649178/series_001_3_CR/A2507485409 DXA/CR DXA/CR000000.dcm;1.2.643.5.1.13.13.12.2.77.8252.01081208070113050704060608151002;1.2.643.5.1.13.13.12.2.77.8252.15031208100010080909150509041308;hip;0;no_violation;Success;0.0454
Датасет/НД_для_обучения/Исследования/2.25.103868781101960771917584077315578649178/series_001_3_CR/A2507485409 DXA/CR DXA/CR000001.dcm;1.2.643.5.1.13.13.12.2.77.8252.01081208070113050704060608151002;1.2.643.5.1.13.13.12.2.77.8252.12051209130410130502141403101414;hip;0;no_violation;Success;0.0446
Датасет/НД_для_обучения/Исследования/2.25.103868781101960771917584077315578649178/series_001_3_CR/A2507485409 DXA/CR DXA/CR000002.dcm;1.2.643.5.1.13.13.12.2.77.8252.01081208070113050704060608151002;1.2.643.5.1.13.13.12.2.77.8252.08120904010605130814050710080508;spine;0;no_violation;Success;0.0466
Датасет/НД_для_обучения/Исследования/2.25.105033841136787477881326326053319223817/series_001_2_CR/A250790559 DXA/CR DXA/CR000000.dcm;1.2.643.5.1.13.13.12.2.77.8252.07010502020008121005080211011503;1.2.643.5.1.13.13.12.2.77.8252.00071307071102020311080215100104;hip;1;position_rotation;Success;0.0503
Датасет/НД_для_обучения/Исследования/2.25.105033841136787477881326326053319223817/series_001_2_CR/A250790559 DXA/CR DXA/CR000001.dcm;1.2.643.5.1.13.13.12.2.77.8252.07010502020008121005080211011503;1.2.643.5.1.13.13.12.2.77.8252.12021012060504060503030002061208;hip;1;position_rotation;Success;0.252
Датасет/НД_для_обучения/Исследования/2.25.105033841136787477881326326053319223817/series_001_2_CR/A250790559 DXA/CR DXA/CR000002.dcm;1.2.643.5.1.13.13.12.2.77.8252.07010502020008121005080211011503;1.2.643.5.1.13.13.12.2.77.8252.11131406091213131205130612021414;spine;0;no_violation;Success;0.1212
Датасет/НД_для_обучения/Исследования/2.25.105033841136787477881326326053319223817/series_001_2_CR/A250790559 DXA/CR DXA/CR000003.dcm;1.2.643.5.1.13.13.12.2.77.8252.07010502020008121005080211011503;1.2.643.5.1.13.13.12.2.77.8252.14130208070502001411050502150202;spine;0;no_violation;Success;0.0674
Датасет/НД_для_обучения/Исследования/2.25.105033841136787477881326326053319223817/series_001_2_CR/A250790559 DXA/CR DXA/CR000004.dcm;1.2.643.5.1.13.13.12.2.77.8252.07010502020008121005080211011503;1.2.643.5.1.13.13.12.2.77.8252.11120508121303130402081303070008;spine;0;no_violation;Success;0.0757
Датасет/НД_для_обучения/Исследования/2.25.105033841136787477881326326053319223817/series_001_2_CR/A250790559 DXA/CR DXA/CR000005.dcm;1.2.643.5.1.13.13.12.2.77.8252.07010502020008121005080211011503;1.2.643.5.1.13.13.12.2.77.8252.03090510061307040702090411010105;spine;0;no_violation;Success;0.0566
Датасет/НД_для_обучения/Исследования/2.25.108537195937431169718850276671337677972/series_002_2_CR/A250479795 DXA/CR DXA/CR000000.dcm;1.2.643.5.1.13.13.12.2.77.8252.00011402030913150507081413120310;1.2.643.5.1.13.13.12.2.77.8252.14031513011512070711151413071213;spine;0;no_violation;Success;0.0538
Датасет/НД_для_обучения/Исследования/2.25.11175860580562939441493697221497597640/series_003_2_CR/A2507431060 DXA/CR DXA/CR000000.dcm;1.2.643.5.1.13.13.12.2.77.8252.01021511080002000006040601030906;1.2.643.5.1.13.13.12.2.77.8252.07121414121104070401050315140813;hip;1;quality_violation_unspecified;Success;0.0482
Датасет/НД_для_обучения/Исследования/2.25.11175860580562939441493697221497597640/series_003_2_CR/A2507431060 DXA/CR DXA/CR000001.dcm;1.2.643.5.1.13.13.12.2.77.8252.01021511080002000006040601030906;1.2.643.5.1.13.13.12.2.77.8252.11051001091403121310010813110103;hip;1;position_rotation;Success;0.0425
Датасет/НД_для_обучения/Исследования/2.25.11175860580562939441493697221497597640/series_003_2_CR/A2507431060 DXA/CR DXA/CR000002.dcm;1.2.643.5.1.13.13.12.2.77.8252.01021511080002000006040601030906;1.2.643.5.1.13.13.12.2.77.8252.12051512011202090502051206130907;hip;0;no_violation;Success;0.0441
Датасет/НД_для_обучения/Исследования/2.25.11175860580562939441493697221497597640/series_003_2_CR/A2507431060 DXA/CR DXA/CR000003.dcm;1.2.643.5.1.13.13.12.2.77.8252.01021511080002000006040601030906;1.2.643.5.1.13.13.12.2.77.8252.08110803080105090710150006100300;hip;0;no_violation;Success;0.0393
Датасет/НД_для_обучения/Исследования/2.25.11175860580562939441493697221497597640/series_003_2_CR/A2507431060 DXA/CR DXA/CR000004.dcm;1.2.643.5.1.13.13.12.2.77.8252.01021511080002000006040601030906;1.2.643.5.1.13.13.12.2.77.8252.13030903151515081500090603041412;hip;1;position_rotation;Success;0.0387
Датасет/НД_для_обучения/Исследования/2.25.11175860580562939441493697221497597640/series_003_2_CR/A2507431060 DXA/CR DXA/CR000005.dcm;1.2.643.5.1.13.13.12.2.77.8252.01021511080002000006040601030906;1.2.643.5.1.13.13.12.2.77.8252.08101400121500101415120401040211;hip;1;quality_violation_unspecified;Success;0.0389
Датасет/НД_для_обучения/Исследования/2.25.112621744005021908434051268014787122937/series_002_2_CR/A2504301685 DXA/CR DXA/CR000000.dcm;1.2.643.5.1.13.13.12.2.77.8252.14150011111304110807130802031100;1.2.643.5.1.13.13.12.2.77.8252.15090515141309140806011408041204;spine;0;no_violation;Success;0.0389
Датасет/НД_для_обучения/Исследования/2.25.114887542067602662452692698814728642117/series_001_2_CR/A2504131887 DXA/CR DXA/CR000000.dcm;1.2.643.5.1.13.13.12.2.77.8252.12090510061110050103011205010113;1.2.643.5.1.13.13.12.2.77.8252.03150400010605060115070904121304;hip;1;position_rotation;Success;0.0384
Датасет/НД_для_обучения/Исследования/2.25.114887542067602662452692698814728642117/series_001_2_CR/A2504131887 DXA/CR DXA/CR000001.dcm;1.2.643.5.1.13.13.12.2.77.8252.12090510061110050103011205010113;1.2.643.5.1.13.13.12.2.77.8252.15050814070214050107040604101305;hip;1;quality_violation_unspecified;Success;0.0416
Датасет/НД_для_обучения/Исследования/2.25.114887542067602662452692698814728642117/series_001_2_CR/A2504131887 DXA/CR DXA/CR000002.dcm;1.2.643.5.1.13.13.12.2.77.8252.12090510061110050103011205010113;1.2.643.5.1.13.13.12.2.77.8252.00111415140915030904140513150113;hip;1;quality_violation_unspecified;Success;0.0466
Датасет/НД_для_обучения/Исследования/2.25.114887542067602662452692698814728642117/series_001_2_CR/A2504131887 DXA/CR DXA/CR000003.dcm;1.2.643.5.1.13.13.12.2.77.8252.12090510061110050103011205010113;1.2.643.5.1.13.13.12.2.77.8252.08111114040702130902010708100700;hip;1;position_rotation;Success;0.0531
Датасет/НД_для_обучения/Исследования/2.25.114887542067602662452692698814728642117/series_001_2_CR/A2504131887 DXA/CR DXA/CR000004.dcm;1.2.643.5.1.13.13.12.2.77.8252.12090510061110050103011205010113;1.2.643.5.1.13.13.12.2.77.8252.10001500010311100907131007040004;hip;1;position_rotation;Success;0.0543
Датасет/НД_для_обучения/Исследования/2.25.114887542067602662452692698814728642117/series_001_2_CR/A2504131887 DXA/CR DXA/CR000005.dcm;1.2.643.5.1.13.13.12.2.77.8252.12090510061110050103011205010113;1.2.643.5.1.13.13.12.2.77.8252.11151502000914000710090013020813;hip;1;position_rotation;Success;0.0575
Датасет/НД_для_обучения/Исследования/2.25.114887542067602662452692698814728642117/series_001_2_CR/A2504131887 DXA/CR DXA/CR000006.dcm;1.2.643.5.1.13.13.12.2.77.8252.12090510061110050103011205010113;1.2.643.5.1.13.13.12.2.77.8252.10141411130204150513090803110213;hip;1;quality_violation_unspecified;Success;0.0576
Датасет/НД_для_обучения/Исследования/2.25.114887542067602662452692698814728642117/series_001_2_CR/A2504131887 DXA/CR DXA/CR000007.dcm;1.2.643.5.1.13.13.12.2.77.8252.12090510061110050103011205010113;1.2.643.5.1.13.13.12.2.77.8252.09060814101015050208090100150206;hip;1;position_rotation;Success;0.0533
Датасет/НД_для_обучения/Исследования/2.25.114887542067602662452692698814728642117/series_001_2_CR/A2504131887 DXA/CR DXA/CR000008.dcm;1.2.643.5.1.13.13.12.2.77.8252.12090510061110050103011205010113;1.2.643.5.1.13.13.12.2.77.8252.11060402050912131204000502001414;hip;1;position_rotation;Success;0.0475
Датасет/НД_для_обучения/Исследования/2.25.114887542067602662452692698814728642117/series_001_2_CR/A2504131887 DXA/CR DXA/CR000009.dcm;1.2.643.5.1.13.13.12.2.77.8252.12090510061110050103011205010113;1.2.643.5.1.13.13.12.2.77.8252.04051301070809101001111312060114;hip;1;quality_violation_unspecified;Success;0.0434
Датасет/НД_для_обучения/Исследования/2.25.114887542067602662452692698814728642117/series_001_2_CR/A2504131887 DXA/CR DXA/CR000010.dcm;1.2.643.5.1.13.13.12.2.77.8252.12090510061110050103011205010113;1.2.643.5.1.13.13.12.2.77.8252.08050414010100010110100910070904;hip;1;position_rotation;Success;0.0529
Датасет/НД_для_обучения/Исследования/2.25.116822802042655971810859435524105064465/series_003_2_CR/A2507273296 DXA/CR DXA/CR000000.dcm;1.2.643.5.1.13.13.12.2.77.8252.09001101031503060803041311070312;1.2.643.5.1.13.13.12.2.77.8252.13011301091003020814061203020304;spine;0;no_violation;Success;0.0448
Датасет/НД_для_обучения/Исследования/2.25.116822802042655971810859435524105064465/series_003_2_CR/A2507273296 DXA/CR DXA/CR000001.dcm;1.2.643.5.1.13.13.12.2.77.8252.09001101031503060803041311070312;1.2.643.5.1.13.13.12.2.77.8252.01010713081306120510130101121412;spine;0;no_violation;Success;0.0403
Датасет/НД_для_обучения/Исследования/2.25.116822802042655971810859435524105064465/series_003_2_CR/A2507273296 DXA/CR DXA/CR000002.dcm;1.2.643.5.1.13.13.12.2.77.8252.09001101031503060803041311070312;1.2.643.5.1.13.13.12.2.77.8252.05150512091506110304120408070606;hip;1;position_rotation;Success;0.0441
Датасет/НД_для_обучения/Исследования/2.25.122446767306607067205618235949445789306/series_001_2_CR/A2504255080 DXA/CR DXA/CR000000.dcm;1.2.643.5.1.13.13.12.2.77.8252.00101409100812000205071213151011;1.2.643.5.1.13.13.12.2.77.8252.02101009080308000015051512140806;spine;0;no_violation;Success;0.0431
Датасет/НД_для_обучения/Исследования/2.25.122446767306607067205618235949445789306/series_001_2_CR/A2504255080 DXA/CR DXA/CR000001.dcm;1.2.643.5.1.13.13.12.2.77.8252.00101409100812000205071213151011;1.2.643.5.1.13.13.12.2.77.8252.02091106060004131215091000000909;spine;0;no_violation;Success;0.0384
Датасет/НД_для_обучения/Исследования/2.25.122446767306607067205618235949445789306/series_001_2_CR/A2504255080 DXA/CR DXA/CR000002.dcm;1.2.643.5.1.13.13.12.2.77.8252.00101409100812000205071213151011;1.2.643.5.1.13.13.12.2.77.8252.15060100040008041103060904131005;hip;1;position_rotation;Success;0.051
Датасет/НД_для_обучения/Исследования/2.25.122446767306607067205618235949445789306/series_001_2_CR/A2504255080 DXA/CR DXA/CR000003.dcm;1.2.643.5.1.13.13.12.2.77.8252.00101409100812000205071213151011;1.2.643.5.1.13.13.12.2.77.8252.03040807040905131500140112021404;spine;0;no_violation;Success;0.0469
Датасет/НД_для_обучения/Исследования/2.25.122446767306607067205618235949445789306/series_001_2_CR/A2504255080 DXA/CR DXA/CR000004.dcm;1.2.643.5.1.13.13.12.2.77.8252.00101409100812000205071213151011;1.2.643.5.1.13.13.12.2.77.8252.11100905091110000105111305090709;spine;0;no_violation;Success;0.0429
Датасет/НД_для_обучения/Исследования/2.25.122446767306607067205618235949445789306/series_001_2_CR/A2504255080 DXA/CR DXA/CR000005.dcm;1.2.643.5.1.13.13.12.2.77.8252.00101409100812000205071213151011;1.2.643.5.1.13.13.12.2.77.8252.09071502150602001009041214040315;hip;1;position_rotation;Success;0.0433
Датасет/НД_для_обучения/Исследования/2.25.123175695355749859846173904788591707879/series_001_2_CR/A250722449 DXA/CR DXA/CR000000.dcm;1.2.643.5.1.13.13.12.2.77.8252.11130601031507131510140912150209;1.2.643.5.1.13.13.12.2.77.8252.12031311070507060813050800031313;spine;1;quality_violation_unspecified;Success;0.0467
Датасет/НД_для_обучения/Исследования/2.25.124890633326693921702195356152595253940/series_002_2_CR/A2504263153 DXA/CR DXA/CR000000.dcm;1.2.643.5.1.13.13.12.2.77.8252.04120502090713030002100002030500;1.2.643.5.1.13.13.12.2.77.8252.04131510070001011107040403071102;spine;0;no_violation;Success;0.0478
Датасет/НД_для_обучения/Исследования/2.25.124890633326693921702195356152595253940/series_002_2_CR/A2504263153 DXA/CR DXA/CR000001.dcm;1.2.643.5.1.13.13.12.2.77.8252.04120502090713030002100002030500;1.2.643.5.1.13.13.12.2.77.8252.08050506060410091114110412130504;spine;0;no_violation;Success;0.0454
Датасет/НД_для_обучения/Исследования/2.25.124890633326693921702195356152595253940/series_002_2_CR/A2504263153 DXA/CR DXA/CR000002.dcm;1.2.643.5.1.13.13.12.2.77.8252.04120502090713030002100002030500;1.2.643.5.1.13.13.12.2.77.8252.10081312010805021201100507060411;hip;0;no_violation;Success;0.047
Датасет/НД_для_обучения/Исследования/2.25.125521310320333648427417313254965624364/series_001_2_CR/A250444126 DXA/CR DXA/CR000000.dcm;1.2.643.5.1.13.13.12.2.77.8252.04020303131005050903141411050509;1.2.643.5.1.13.13.12.2.77.8252.06141210040207130507130606070312;spine;1;quality_violation_unspecified;Success;0.0551
Датасет/НД_для_обучения/Исследования/2.25.126293418391331346694592071563510265596/series_002_3_CR/A2507250865 DXA/CR DXA/CR000000.dcm;1.2.643.5.1.13.13.12.2.77.8252.06000203070703071315151100081515;1.2.643.5.1.13.13.12.2.77.8252.08121504041301080101130415050611;hip;0;no_violation;Success;0.0566
Датасет/НД_для_обучения/Исследования/2.25.126293418391331346694592071563510265596/series_002_3_CR/A2507250865 DXA/CR DXA/CR000001.dcm;1.2.643.5.1.13.13.12.2.77.8252.06000203070703071315151100081515;1.2.643.5.1.13.13.12.2.77.8252.10031005061115110908060312000307;hip;1;position_rotation;Success;0.0537
Датасет/НД_для_обучения/Исследования/2.25.126293418391331346694592071563510265596/series_002_3_CR/A2507250865 DXA/CR DXA/CR000002.dcm;1.2.643.5.1.13.13.12.2.77.8252.06000203070703071315151100081515;1.2.643.5.1.13.13.12.2.77.8252.11151304101402090112060913070605;spine;0;no_violation;Success;0.0432
Датасет/НД_для_обучения/Исследования/2.25.127126130998341190348103034690069487890/series_002_2_CR/A250428736 DXA/CR DXA/CR000000.dcm;1.2.643.5.1.13.13.12.2.77.8252.01100712050309061210070903020211;1.2.643.5.1.13.13.12.2.77.8252.13130511100900071404010502130909;hip;1;position_rotation;Success;0.0441
Датасет/НД_для_обучения/Исследования/2.25.127126130998341190348103034690069487890/series_002_2_CR/A250428736 DXA/CR DXA/CR000001.dcm;1.2.643.5.1.13.13.12.2.77.8252.01100712050309061210070903020211;1.2.643.5.1.13.13.12.2.77.8252.10040807011312021210130513011200;hip;1;position_rotation;Success;0.0411
Датасет/НД_для_обучения/Исследования/2.25.127126130998341190348103034690069487890/series_002_2_CR/A250428736 DXA/CR DXA/CR000002.dcm;1.2.643.5.1.13.13.12.2.77.8252.01100712050309061210070903020211;1.2.643.5.1.13.13.12.2.77.8252.03120008051300001208141011101302;hip;1;position_rotation;Success;0.0495
Датасет/НД_для_обучения/Исследования/2.25.127126130998341190348103034690069487890/series_002_2_CR/A250428736 DXA/CR DXA/CR000003.dcm;1.2.643.5.1.13.13.12.2.77.8252.01100712050309061210070903020211;1.2.643.5.1.13.13.12.2.77.8252.01070801081413060013111012010201;spine;0;no_violation;Success;0.0578
Датасет/НД_для_обучения/Исследования/2.25.127126130998341190348103034690069487890/series_002_2_CR/A250428736 DXA/CR DXA/CR000004.dcm;1.2.643.5.1.13.13.12.2.77.8252.01100712050309061210070903020211;1.2.643.5.1.13.13.12.2.77.8252.14080500031007021314121106040303;hip;1;position_rotation;Success;0.0542
Датасет/НД_для_обучения/Исследования/2.25.127126130998341190348103034690069487890/series_002_2_CR/A250428736 DXA/CR DXA/CR000005.dcm;1.2.643.5.1.13.13.12.2.77.8252.01100712050309061210070903020211;1.2.643.5.1.13.13.12.2.77.8252.03020502031409151006020306090105;spine;0;no_violation;Success;0.0431
Датасет/НД_для_обучения/Исследования/2.25.12798473087614376830819854616447908612/series_002_2_CR/A2507538847 DXA/CR DXA/CR000000.dcm;1.2.643.5.1.13.13.12.2.77.8252.09130409131001141403120204031509;1.2.643.5.1.13.13.12.2.77.8252.07111115111305011108141412010801;hip;1;position_rotation;Success;0.0442
Датасет/НД_для_обучения/Исследования/2.25.12798473087614376830819854616447908612/series_002_2_CR/A2507538847 DXA/CR DXA/CR000001.dcm;1.2.643.5.1.13.13.12.2.77.8252.09130409131001141403120204031509;1.2.643.5.1.13.13.12.2.77.8252.02011409120209130807021302101100;hip;1;position_rotation;Success;0.0495
Датасет/НД_для_обучения/Исследования/2.25.12798473087614376830819854616447908612/series_002_2_CR/A2507538847 DXA/CR DXA/CR000002.dcm;1.2.643.5.1.13.13.12.2.77.8252.09130409131001141403120204031509;1.2.643.5.1.13.13.12.2.77.8252.07050602130910101513020700010509;hip;1;quality_violation_unspecified;Success;0.0457
Датасет/НД_для_обучения/Исследования/2.25.128197189461989832465575162384360009377/series_001_2_CR/A2507216909 DXA/CR DXA/CR000000.dcm;1.2.643.5.1.13.13.12.2.77.8252.12090514001006040904030606011401;1.2.643.5.1.13.13.12.2.77.8252.02030508140000071310150302011113;hip;1;position_rotation;Success;0.0394
Датасет/НД_для_обучения/Исследования/2.25.128630285053087246379265602913470285158/series_003_2_CR/A2504394821 DXA/CR DXA/CR000000.dcm;1.2.643.5.1.13.13.12.2.77.8252.02080810120709040103090703140106;1.2.643.5.1.13.13.12.2.77.8252.09070705131210061514041509120513;hip;1;position_rotation;Success;0.038
Датасет/НД_для_обучения/Исследования/2.25.128990540359421489042453547244535073735/series_002_2_CR/A2507388698 DXA/CR DXA/CR000000.dcm;1.2.643.5.1.13.13.12.2.77.8252.10140103050104100015110907140800;1.2.643.5.1.13.13.12.2.77.8252.09150805131402040209060509150410;spine;0;no_violation;Success;0.0376
Датасет/НД_для_обучения/Исследования/2.25.128990540359421489042453547244535073735/series_002_2_CR/A2507388698 DXA/CR DXA/CR000001.dcm;1.2.643.5.1.13.13.12.2.77.8252.10140103050104100015110907140800;1.2.643.5.1.13.13.12.2.77.8252.11000605051111050207041006140905;hip;1;position_rotation;Success;0.0386
Датасет/НД_для_обучения/Исследования/2.25.128990540359421489042453547244535073735/series_002_2_CR/A2507388698 DXA/CR DXA/CR000002.dcm;1.2.643.5.1.13.13.12.2.77.8252.10140103050104100015110907140800;1.2.643.5.1.13.13.12.2.77.8252.09060004140611120111091509030603;spine;0;no_violation;Success;0.0477
Датасет/НД_для_обучения/Исследования/2.25.128990540359421489042453547244535073735/series_002_2_CR/A2507388698 DXA/CR DXA/CR000003.dcm;1.2.643.5.1.13.13.12.2.77.8252.10140103050104100015110907140800;1.2.643.5.1.13.13.12.2.77.8252.02111507100612121000021204080801;spine;0;no_violation;Success;0.0461
Датасет/НД_для_обучения/Исследования/2.25.128990540359421489042453547244535073735/series_002_2_CR/A2507388698 DXA/CR DXA/CR000004.dcm;1.2.643.5.1.13.13.12.2.77.8252.10140103050104100015110907140800;1.2.643.5.1.13.13.12.2.77.8252.04071014120313000711051010091409;hip;1;position_rotation;Success;0.0448
Датасет/НД_для_обучения/Исследования/2.25.128990540359421489042453547244535073735/series_002_2_CR/A2507388698 DXA/CR DXA/CR000005.dcm;1.2.643.5.1.13.13.12.2.77.8252.10140103050104100015110907140800;1.2.643.5.1.13.13.12.2.77.8252.12120911020011140507050515090906;spine;0;no_violation;Success;0.0433
Датасет/НД_для_обучения/Исследования/2.25.129239680100193368599713239115902740628/series_003_3_CR/A250757345 DXA/CR DXA/CR000000.dcm;1.2.643.5.1.13.13.12.2.77.8252.08111201111203050510020404121406;1.2.643.5.1.13.13.12.2.77.8252.00131503020212110600101502020700;hip;1;position_rotation;Success;0.0443
Датасет/НД_для_обучения/Исследования/2.25.13069823278093578548407087310307113784/series_003_2_CR/A2507242667 DXA/CR DXA/CR000000.dcm;1.2.643.5.1.13.13.12.2.77.8252.01101508090608101115020806060015;1.2.643.5.1.13.13.12.2.77.8252.12051101030200021506031210090702;spine;0;no_violation;Success;0.0389
Датасет/НД_для_обучения/Исследования/2.25.13069823278093578548407087310307113784/series_003_2_CR/A2507242667 DXA/CR DXA/CR000001.dcm;1.2.643.5.1.13.13.12.2.77.8252.01101508090608101115020806060015;1.2.643.5.1.13.13.12.2.77.8252.05100110120015150515030506140402;hip;1;position_rotation;Success;0.0433
Датасет/НД_для_обучения/Исследования/2.25.13069823278093578548407087310307113784/series_003_2_CR/A2507242667 DXA/CR DXA/CR000002.dcm;1.2.643.5.1.13.13.12.2.77.8252.01101508090608101115020806060015;1.2.643.5.1.13.13.12.2.77.8252.06081211090913150712130913130401;spine;0;no_violation;Success;0.1485
Датасет/НД_для_обучения/Исследования/2.25.132083163398091874662674590622589534350/series_003_2_CR/A2507386583 DXA Exam/CR DXA Images/CR000000.dcm;1.2.643.5.1.13.13.12.2.77.8252.00030206020209110205100406021412;1.2.643.5.1.13.13.12.2.77.8252.13151303131009131214000609090104;hip;0;no_violation;Success;0.3717
Датасет/НД_для_обучения/Исследования/2.25.132083163398091874662674590622589534350/series_003_2_CR/A2507386583 DXA Exam/CR DXA Images/CR000001.dcm;1.2.643.5.1.13.13.12.2.77.8252.00030206020209110205100406021412;1.2.643.5.1.13.13.12.2.77.8252.15080409060108110106110204020115;hip;1;position_rotation;Success;0.3062
Датасет/НД_для_обучения/Исследования/2.25.132083163398091874662674590622589534350/series_003_2_CR/A2507386583 DXA Exam/CR DXA Images/CR000002.dcm;1.2.643.5.1.13.13.12.2.77.8252.00030206020209110205100406021412;1.2.643.5.1.13.13.12.2.77.8252.06120903051105150112061201080014;hip;0;no_violation;Success;0.0946
Датасет/НД_для_обучения/Исследования/2.25.132272637351979990811754009849547633391/series_003_3_CR/A2504141080 DXA/CR DXA/CR000000.dcm;1.2.643.5.1.13.13.12.2.77.8252.07060700030806121503030014110206;1.2.643.5.1.13.13.12.2.77.8252.05020106091400040809110708040301;spine;0;no_violation;Success;0.1617
Датасет/НД_для_обучения/Исследования/2.25.132272637351979990811754009849547633391/series_003_3_CR/A2504141080 DXA/CR DXA/CR000001.dcm;1.2.643.5.1.13.13.12.2.77.8252.07060700030806121503030014110206;1.2.643.5.1.13.13.12.2.77.8252.15140601101305061400021505010802;spine;0;no_violation;Success;0.0725
Датасет/НД_для_обучения/Исследования/2.25.132272637351979990811754009849547633391/series_003_3_CR/A2504141080 DXA/CR DXA/CR000002.dcm;1.2.643.5.1.13.13.12.2.77.8252.07060700030806121503030014110206;1.2.643.5.1.13.13.12.2.77.8252.07151108041411120004040810151209;spine;1;quality_violation_unspecified;Success;0.1079
Датасет/НД_для_обучения/Исследования/2.25.13325817932854000792938662637654885530/series_002_2_CR/A2507365486 DXA/CR DXA/CR000000.dcm;1.2.643.5.1.13.13.12.2.77.8252.01011312130808040910091102031113;1.2.643.5.1.13.13.12.2.77.8252.02090003020511130407030106110206;hip;1;position_rotation;Success;0.133
Датасет/НД_для_обучения/Исследования/2.25.13325817932854000792938662637654885530/series_002_2_CR/A2507365486 DXA/CR DXA/CR000001.dcm;1.2.643.5.1.13.13.12.2.77.8252.01011312130808040910091102031113;1.2.643.5.1.13.13.12.2.77.8252.04080409110008071309041404000111;spine;0;no_violation;Success;0.0893
Датасет/НД_для_обучения/Исследования/2.25.13325817932854000792938662637654885530/series_002_2_CR/A2507365486 DXA/CR DXA/CR000002.dcm;1.2.643.5.1.13.13.12.2.77.8252.01011312130808040910091102031113;1.2.643.5.1.13.13.12.2.77.8252.11150104101400000200001411070008;spine;0;no_violation;Success;0.0688
Датасет/НД_для_обучения/Исследования/2.25.13325817932854000792938662637654885530/series_002_2_CR/A2507365486 DXA/CR DXA/CR000003.dcm;1.2.643.5.1.13.13.12.2.77.8252.01011312130808040910091102031113;1.2.643.5.1.13.13.12.2.77.8252.00090714091003060206031503010409;spine;0;no_violation;Success;0.0579
Датасет/НД_для_обучения/Исследования/2.25.13325817932854000792938662637654885530/series_002_2_CR/A2507365486 DXA/CR DXA/CR000004.dcm;1.2.643.5.1.13.13.12.2.77.8252.01011312130808040910091102031113;1.2.643.5.1.13.13.12.2.77.8252.13150808100913111314080101030008;spine;0;no_violation;Success;0.0645
Датасет/НД_для_обучения/Исследования/2.25.13325817932854000792938662637654885530/series_002_2_CR/A2507365486 DXA/CR DXA/CR000005.dcm;1.2.643.5.1.13.13.12.2.77.8252.01011312130808040910091102031113;1.2.643.5.1.13.13.12.2.77.8252.11020707081006150000011408140609;spine;0;no_violation;Success;0.057
Датасет/НД_для_обучения/Исследования/2.25.13325817932854000792938662637654885530/series_002_2_CR/A2507365486 DXA/CR DXA/CR000006.dcm;1.2.643.5.1.13.13.12.2.77.8252.01011312130808040910091102031113;1.2.643.5.1.13.13.12.2.77.8252.10001304041304060303041004101403;spine;0;no_violation;Success;0.0526
Датасет/НД_для_обучения/Исследования/2.25.13325817932854000792938662637654885530/series_002_2_CR/A2507365486 DXA/CR DXA/CR000007.dcm;1.2.643.5.1.13.13.12.2.77.8252.01011312130808040910091102031113;1.2.643.5.1.13.13.12.2.77.8252.12151114030903000211100702060009;spine;0;no_violation;Success;0.0508
Датасет/НД_для_обучения/Исследования/2.25.13325817932854000792938662637654885530/series_002_2_CR/A2507365486 DXA/CR DXA/CR000008.dcm;1.2.643.5.1.13.13.12.2.77.8252.01011312130808040910091102031113;1.2.643.5.1.13.13.12.2.77.8252.02031303080313100507120501150506;spine;0;no_violation;Success;0.0495
Датасет/НД_для_обучения/Исследования/2.25.13325817932854000792938662637654885530/series_002_2_CR/A2507365486 DXA/CR DXA/CR000009.dcm;1.2.643.5.1.13.13.12.2.77.8252.01011312130808040910091102031113;1.2.643.5.1.13.13.12.2.77.8252.06150706081207041203070111090707;spine;0;no_violation;Success;0.0468
Датасет/НД_для_обучения/Исследования/2.25.13325817932854000792938662637654885530/series_002_2_CR/A2507365486 DXA/CR DXA/CR000010.dcm;1.2.643.5.1.13.13.12.2.77.8252.01011312130808040910091102031113;1.2.643.5.1.13.13.12.2.77.8252.06150108111302000413130014070915;hip;1;position_rotation;Success;0.0504
Датасет/НД_для_обучения/Исследования/2.25.13325817932854000792938662637654885530/series_002_2_CR/A2507365486 DXA/CR DXA/CR000011.dcm;1.2.643.5.1.13.13.12.2.77.8252.01011312130808040910091102031113;1.2.643.5.1.13.13.12.2.77.8252.07031408150101110505001201030207;spine;0;no_violation;Success;0.0494
Датасет/НД_для_обучения/Исследования/2.25.13325817932854000792938662637654885530/series_002_2_CR/A2507365486 DXA/CR DXA/CR000012.dcm;1.2.643.5.1.13.13.12.2.77.8252.01011312130808040910091102031113;1.2.643.5.1.13.13.12.2.77.8252.14070208080209001506081402060503;hip;1;position_rotation;Success;0.066
Датасет/НД_для_обучения/Исследования/2.25.134456506307367483341018281460841912845/series_002_2_CR/A2507120612 DXA/CR DXA/CR000000.dcm;1.2.643.5.1.13.13.12.2.77.8252.14001106061015010402061009020003;1.2.643.5.1.13.13.12.2.77.8252.04040803080402061202041005000304;hip;0;no_violation;Success;0.0573
Датасет/НД_для_обучения/Исследования/2.25.134456506307367483341018281460841912845/series_002_2_CR/A2507120612 DXA/CR DXA/CR000001.dcm;1.2.643.5.1.13.13.12.2.77.8252.14001106061015010402061009020003;1.2.643.5.1.13.13.12.2.77.8252.13090607110001000310151006050113;hip;1;position_rotation;Success;0.081
Датасет/НД_для_обучения/Исследования/2.25.134456506307367483341018281460841912845/series_002_2_CR/A2507120612 DXA/CR DXA/CR000002.dcm;1.2.643.5.1.13.13.12.2.77.8252.14001106061015010402061009020003;1.2.643.5.1.13.13.12.2.77.8252.14121200111500000012151207021305;hip;0;no_violation;Success;0.1339
Датасет/НД_для_обучения/Исследования/2.25.135241889065705954191821710363605596815/series_003_3_CR/A250715060 DXA/CR DXA/CR000000.dcm;1.2.643.5.1.13.13.12.2.77.8252.02111204140006020215081404050209;1.2.643.5.1.13.13.12.2.77.8252.04060811050000140014040410080212;spine;0;no_violation;Success;0.0701
Датасет/НД_для_обучения/Исследования/2.25.135241889065705954191821710363605596815/series_003_3_CR/A250715060 DXA/CR DXA/CR000001.dcm;1.2.643.5.1.13.13.12.2.77.8252.02111204140006020215081404050209;1.2.643.5.1.13.13.12.2.77.8252.12060607091105150404131215110908;hip;1;position_rotation;Success;0.0519
Датасет/НД_для_обучения/Исследования/2.25.13566237352084812982996047541944701548/series_002_2_CR/A2504268931 DXA/CR DXA/CR000000.dcm;1.2.643.5.1.13.13.12.2.77.8252.02110607061101140709130908071405;1.2.643.5.1.13.13.12.2.77.8252.09030712140506070904071003000708;hip;1;position_rotation;Success;0.0451
Датасет/НД_для_обучения/Исследования/2.25.137344827330550141320158285144101816664/series_003_3_CR/A2507146630 DXA/CR DXA/CR000000.dcm;1.2.643.5.1.13.13.12.2.77.8252.07080911030405120513131308130103;1.2.643.5.1.13.13.12.2.77.8252.02050314081501100100131400110412;hip;1;position_rotation;Success;0.0432
Датасет/НД_для_обучения/Исследования/2.25.137344827330550141320158285144101816664/series_003_3_CR/A2507146630 DXA/CR DXA/CR000001.dcm;1.2.643.5.1.13.13.12.2.77.8252.07080911030405120513131308130103;1.2.643.5.1.13.13.12.2.77.8252.14140312010015010504081306061203;spine;0;no_violation;Success;0.0492
Датасет/НД_для_обучения/Исследования/2.25.137344827330550141320158285144101816664/series_003_3_CR/A2507146630 DXA/CR DXA/CR000002.dcm;1.2.643.5.1.13.13.12.2.77.8252.07080911030405120513131308130103;1.2.643.5.1.13.13.12.2.77.8252.03131510081105080011060404010511;spine;0;no_violation;Success;0.0591
Датасет/НД_для_обучения/Исследования/2.25.137675513852774974135210999345676405116/series_001_2_CR/A2504106597 DXA/CR DXA/CR000000.dcm;1.2.643.5.1.13.13.12.2.77.8252.00091501080806120506120114090107;1.2.643.5.1.13.13.12.2.77.8252.05060902130204131205041207051405;hip;1;position_rotation;Success;0.0646
Датасет/НД_для_обучения/Исследования/2.25.13983650679559142983913935144968795415/series_003_2_CR/A2504335111 DXA/CR DXA/CR000000.dcm;1.2.643.5.1.13.13.12.2.77.8252.04111012020210100809111310020901;1.2.643.5.1.13.13.12.2.77.8252.01100509051301061200120505020711;spine;0;no_violation;Success;0.0835
Датасет/НД_для_обучения/Исследования/2.25.13983650679559142983913935144968795415/series_003_2_CR/A2504335111 DXA/CR DXA/CR000001.dcm;1.2.643.5.1.13.13.12.2.77.8252.04111012020210100809111310020901;1.2.643.5.1.13.13.12.2.77.8252.02030711120805150008090200030710;hip;0;no_violation;Success;0.0908
Датасет/НД_для_обучения/Исследования/2.25.13983650679559142983913935144968795415/series_003_2_CR/A2504335111 DXA/CR DXA/CR000002.dcm;1.2.643.5.1.13.13.12.2.77.8252.04111012020210100809111310020901;1.2.643.5.1.13.13.12.2.77.8252.05100908130706051511060907050202;hip;0;no_violation;Success;0.08
Датасет/НД_для_обучения/Исследования/2.25.13983650679559142983913935144968795415/series_003_2_CR/A2504335111 DXA/CR DXA/CR000003.dcm;1.2.643.5.1.13.13.12.2.77.8252.04111012020210100809111310020901;1.2.643.5.1.13.13.12.2.77.8252.07080813110202150000000512100700;spine;0;no_violation;Success;0.0749
Датасет/НД_для_обучения/Исследования/2.25.13983650679559142983913935144968795415/series_003_2_CR/A2504335111 DXA/CR DXA/CR000004.dcm;1.2.643.5.1.13.13.12.2.77.8252.04111012020210100809111310020901;1.2.643.5.1.13.13.12.2.77.8252.04081012050615111107130109120010;hip;0;no_violation;Success;0.1004
Датасет/НД_для_обучения/Исследования/2.25.13983650679559142983913935144968795415/series_003_2_CR/A2504335111 DXA/CR DXA/CR000005.dcm;1.2.643.5.1.13.13.12.2.77.8252.04111012020210100809111310020901;1.2.643.5.1.13.13.12.2.77.8252.02081511091502140105000012140914;hip;0;no_violation;Success;0.1109
Датасет/НД_для_обучения/Исследования/2.25.144941557565802351596730914409170713112/series_001_2_CR/A250728979 DXA/CR DXA/CR000000.dcm;1.2.643.5.1.13.13.12.2.77.8252.06041008131200110706010301000604;1.2.643.5.1.13.13.12.2.77.8252.01100715050305071000110707040014;spine;0;no_violation;Success;0.0797
Датасет/НД_для_обучения/Исследования/2.25.144941557565802351596730914409170713112/series_001_2_CR/A250728979 DXA/CR DXA/CR000001.dcm;1.2.643.5.1.13.13.12.2.77.8252.06041008131200110706010301000604;1.2.643.5.1.13.13.12.2.77.8252.05030004000114011306070703000900;spine;0;no_violation;Success;0.0695
Датасет/НД_для_обучения/Исследования/2.25.144941557565802351596730914409170713112/series_001_2_CR/A250728979 DXA/CR DXA/CR000002.dcm;1.2.643.5.1.13.13.12.2.77.8252.06041008131200110706010301000604;1.2.643.5.1.13.13.12.2.77.8252.14070202101304120203120502100808;spine;0;no_violation;Success;0.0582
Датасет/НД_для_обучения/Исследования/2.25.144941557565802351596730914409170713112/series_001_2_CR/A250728979 DXA/CR DXA/CR000003.dcm;1.2.643.5.1.13.13.12.2.77.8252.06041008131200110706010301000604;1.2.643.5.1.13.13.12.2.77.8252.03000804151513141409051310151514;spine;0;no_violation;Success;0.0537
Датасет/НД_для_обучения/Исследования/2.25.144941557565802351596730914409170713112/series_001_2_CR/A250728979 DXA/CR DXA/CR000004.dcm;1.2.643.5.1.13.13.12.2.77.8252.06041008131200110706010301000604;1.2.643.5.1.13.13.12.2.77.8252.10050606131001041108060208080404;spine;0;no_violation;Success;0.0462
Датасет/НД_для_обучения/Исследования/2.25.144941557565802351596730914409170713112/series_001_2_CR/A250728979 DXA/CR DXA/CR000005.dcm;1.2.643.5.1.13.13.12.2.77.8252.06041008131200110706010301000604;1.2.643.5.1.13.13.12.2.77.8252.13110302070015120304051003100511;spine;0;no_violation;Success;0.0462
Датасет/НД_для_обучения/Исследования/2.25.144941557565802351596730914409170713112/series_001_2_CR/A250728979 DXA/CR DXA/CR000006.dcm;1.2.643.5.1.13.13.12.2.77.8252.06041008131200110706010301000604;1.2.643.5.1.13.13.12.2.77.8252.14021109030605071205090308080911;hip;1;position_rotation;Success;0.0427
Датасет/НД_для_обучения/Исследования/2.25.144941557565802351596730914409170713112/series_001_2_CR/A250728979 DXA/CR DXA/CR000007.dcm;1.2.643.5.1.13.13.12.2.77.8252.06041008131200110706010301000604;1.2.643.5.1.13.13.12.2.77.8252.02000707141211070603071400111001;spine;0;no_violation;Success;0.0386
Датасет/НД_для_обучения/Исследования/2.25.144941557565802351596730914409170713112/series_001_2_CR/A250728979 DXA/CR DXA/CR000008.dcm;1.2.643.5.1.13.13.12.2.77.8252.06041008131200110706010301000604;1.2.643.5.1.13.13.12.2.77.8252.12001403040706100907100308030007;hip;1;position_rotation;Success;0.0434
Датасет/НД_для_обучения/Исследования/2.25.144941557565802351596730914409170713112/series_001_2_CR/A250728979 DXA/CR DXA/CR000009.dcm;1.2.643.5.1.13.13.12.2.77.8252.06041008131200110706010301000604;1.2.643.5.1.13.13.12.2.77.8252.03150209000513130305020013101408;hip;1;position_rotation;Success;0.0528
Датасет/НД_для_обучения/Исследования/2.25.144941557565802351596730914409170713112/series_001_2_CR/A250728979 DXA/CR DXA/CR000010.dcm;1.2.643.5.1.13.13.12.2.77.8252.06041008131200110706010301000604;1.2.643.5.1.13.13.12.2.77.8252.08060612000510000609001512070103;spine;0;no_violation;Success;0.0552
Датасет/НД_для_обучения/Исследования/2.25.145848300160680194368420189079847088556/series_002_2_CR/A2504248615 DXA Exam/CR DXA Images/CR000000.dcm;1.2.643.5.1.13.13.12.2.77.8252.00020104100613061304040514090111;1.2.643.5.1.13.13.12.2.77.8252.06130104100900080002100912090901;hip;0;no_violation;Success;0.0455
Датасет/НД_для_обучения/Исследования/2.25.145848300160680194368420189079847088556/series_002_2_CR/A2504248615 DXA Exam/CR DXA Images/CR000001.dcm;1.2.643.5.1.13.13.12.2.77.8252.00020104100613061304040514090111;1.2.643.5.1.13.13.12.2.77.8252.09091111090903031309150614110215;hip;1;quality_violation_unspecified;Success;0.0405
Датасет/НД_для_обучения/Исследования/2.25.145848300160680194368420189079847088556/series_002_2_CR/A2504248615 DXA Exam/CR DXA Images/CR000002.dcm;1.2.643.5.1.13.13.12.2.77.8252.00020104100613061304040514090111;1.2.643.5.1.13.13.12.2.77.8252.07040802010906150312000007110303;spine;0;no_violation;Success;0.0411
Датасет/НД_для_обучения/Исследования/2.25.151186844055172005615813066162721550889/series_002_2_CR/A250436130 DXA/CR DXA/CR000000.dcm;1.2.643.5.1.13.13.12.2.77.8252.02060202021413001406000512080208;1.2.643.5.1.13.13.12.2.77.8252.07051313070907070603030815070904;hip;1;position_rotation;Success;0.0431
Датасет/НД_для_обучения/Исследования/2.25.151186844055172005615813066162721550889/series_002_2_CR/A250436130 DXA/CR DXA/CR000001.dcm;1.2.643.5.1.13.13.12.2.77.8252.02060202021413001406000512080208;1.2.643.5.1.13.13.12.2.77.8252.06120514140811101106020900110711;hip;0;no_violation;Success;0.044
Датасет/НД_для_обучения/Исследования/2.25.151186844055172005615813066162721550889/series_002_2_CR/A250436130 DXA/CR DXA/CR000002.dcm;1.2.643.5.1.13.13.12.2.77.8252.02060202021413001406000512080208;1.2.643.5.1.13.13.12.2.77.8252.07071507091013150605060411110414;spine;0;no_violation;Success;0.0388
Датасет/НД_для_обучения/Исследования/2.25.156021661584944120526934974594604520993/series_003_2_CR/A2507142228 DXA/CR DXA/CR000000.dcm;1.2.643.5.1.13.13.12.2.77.8252.07100203071411091300120005090303;1.2.643.5.1.13.13.12.2.77.8252.09130714090405151215050914040809;hip;1;position_rotation;Success;0.0431
Датасет/НД_для_обучения/Исследования/2.25.156021661584944120526934974594604520993/series_003_2_CR/A2507142228 DXA/CR DXA/CR000001.dcm;1.2.643.5.1.13.13.12.2.77.8252.07100203071411091300120005090303;1.2.643.5.1.13.13.12.2.77.8252.09091502110711081102050610090100;spine;0;no_violation;Success;0.0459
Датасет/НД_для_обучения/Исследования/2.25.156021661584944120526934974594604520993/series_003_2_CR/A2507142228 DXA/CR DXA/CR000002.dcm;1.2.643.5.1.13.13.12.2.77.8252.07100203071411091300120005090303;1.2.643.5.1.13.13.12.2.77.8252.02061505000012091414020201140711;spine;0;no_violation;Success;0.0467
Датасет/НД_для_обучения/Исследования/2.25.156021661584944120526934974594604520993/series_003_2_CR/A2507142228 DXA/CR DXA/CR000003.dcm;1.2.643.5.1.13.13.12.2.77.8252.07100203071411091300120005090303;1.2.643.5.1.13.13.12.2.77.8252.12020806150405080200131300151004;spine;0;no_violation;Success;0.0432
Датасет/НД_для_обучения/Исследования/2.25.156021661584944120526934974594604520993/series_003_2_CR/A2507142228 DXA/CR DXA/CR000004.dcm;1.2.643.5.1.13.13.12.2.77.8252.07100203071411091300120005090303;1.2.643.5.1.13.13.12.2.77.8252.04040506120312070613131201100500;spine;0;no_violation;Success;0.0437
Датасет/НД_для_обучения/Исследования/2.25.156021661584944120526934974594604520993/series_003_2_CR/A2507142228 DXA/CR DXA/CR000005.dcm;1.2.643.5.1.13.13.12.2.77.8252.07100203071411091300120005090303;1.2.643.5.1.13.13.12.2.77.8252.04130713101511140710050408091506;spine;0;no_violation;Success;0.0557
Датасет/НД_для_обучения/Исследования/2.25.156021661584944120526934974594604520993/series_003_2_CR/A2507142228 DXA/CR DXA/CR000006.dcm;1.2.643.5.1.13.13.12.2.77.8252.07100203071411091300120005090303;1.2.643.5.1.13.13.12.2.77.8252.11080103090607140209131008021505;spine;0;no_violation;Success;0.0535
Датасет/НД_для_обучения/Исследования/2.25.156021661584944120526934974594604520993/series_003_2_CR/A2507142228 DXA/CR DXA/CR000007.dcm;1.2.643.5.1.13.13.12.2.77.8252.07100203071411091300120005090303;1.2.643.5.1.13.13.12.2.77.8252.05041404051513101304111210060012;spine;0;no_violation;Success;0.062
Датасет/НД_для_обучения/Исследования/2.25.156021661584944120526934974594604520993/series_003_2_CR/A2507142228 DXA/CR DXA/CR000008.dcm;1.2.643.5.1.13.13.12.2.77.8252.07100203071411091300120005090303;1.2.643.5.1.13.13.12.2.77.8252.10050703151214090610040504130101;hip;1;position_rotation;Success;0.0703
Датасет/НД_для_обучения/Исследования/2.25.156021661584944120526934974594604520993/series_003_2_CR/A2507142228 DXA/CR DXA/CR000009.dcm;1.2.643.5.1.13.13.12.2.77.8252.07100203071411091300120005090303;1.2.643.5.1.13.13.12.2.77.8252.01020015070311140900060907010202;spine;0;no_violation;Success;0.0865
Датасет/НД_для_обучения/Исследования/2.25.156021661584944120526934974594604520993/series_003_2_CR/A2507142228 DXA/CR DXA/CR000010.dcm;1.2.643.5.1.13.13.12.2.77.8252.07100203071411091300120005090303;1.2.643.5.1.13.13.12.2.77.8252.11001008080504080903151311021305;spine;0;no_violation;Success;0.1046
Датасет/НД_для_обучения/Исследования/2.25.156021661584944120526934974594604520993/series_003_2_CR/A2507142228 DXA/CR DXA/CR000011.dcm;1.2.643.5.1.13.13.12.2.77.8252.07100203071411091300120005090303;1.2.643.5.1.13.13.12.2.77.8252.10070914150303091307080902000612;hip;1;position_rotation;Success;0.1002
Датасет/НД_для_обучения/Исследования/2.25.156375884487675936513403083218009333856/series_003_2_CR/A250727121 DXA/CR DXA/CR000000.dcm;1.2.643.5.1.13.13.12.2.77.8252.03010905090814080711141406121501;1.2.643.5.1.13.13.12.2.77.8252.04001402031200081204010009090110;hip;0;no_violation;Success;0.0903
Датасет/НД_для_обучения/Исследования/2.25.156375884487675936513403083218009333856/series_003_2_CR/A250727121 DXA/CR DXA/CR000001.dcm;1.2.643.5.1.13.13.12.2.77.8252.03010905090814080711141406121501;1.2.643.5.1.13.13.12.2.77.8252.07090311111312140315080706100515;hip;1;position_rotation;Success;0.37
Датасет/НД_для_обучения/Исследования/2.25.156375884487675936513403083218009333856/series_003_2_CR/A250727121 DXA/CR DXA/CR000002.dcm;1.2.643.5.1.13.13.12.2.77.8252.03010905090814080711141406121501;1.2.643.5.1.13.13.12.2.77.8252.14151108130201081305130506031009;hip;0;no_violation;Success;0.8318
Датасет/НД_для_обучения/Исследования/2.25.156375884487675936513403083218009333856/series_003_2_CR/A250727121 DXA/CR DXA/CR000003.dcm;1.2.643.5.1.13.13.12.2.77.8252.03010905090814080711141406121501;1.2.643.5.1.13.13.12.2.77.8252.14051207080309081314081508110108;hip;1;position_rotation;Success;1.1774
Датасет/НД_для_обучения/Исследования/2.25.156375884487675936513403083218009333856/series_003_2_CR/A250727121 DXA/CR DXA/CR000004.dcm;1.2.643.5.1.13.13.12.2.77.8252.03010905090814080711141406121501;1.2.643.5.1.13.13.12.2.77.8252.00010208150107110206110212130810;hip;0;no_violation;Success;0.4862
Датасет/НД_для_обучения/Исследования/2.25.156375884487675936513403083218009333856/series_003_2_CR/A250727121 DXA/CR DXA/CR000005.dcm;1.2.643.5.1.13.13.12.2.77.8252.03010905090814080711141406121501;1.2.643.5.1.13.13.12.2.77.8252.09011413060403000011030100010009;hip;0;no_violation;Success;0.2045
Датасет/НД_для_обучения/Исследования/2.25.156375884487675936513403083218009333856/series_003_2_CR/A250727121 DXA/CR DXA/CR000006.dcm;1.2.643.5.1.13.13.12.2.77.8252.03010905090814080711141406121501;1.2.643.5.1.13.13.12.2.77.8252.08030713030704060311150311011102;hip;0;no_violation;Success;0.3995
Датасет/НД_для_обучения/Исследования/2.25.156375884487675936513403083218009333856/series_003_2_CR/A250727121 DXA/CR DXA/CR000007.dcm;1.2.643.5.1.13.13.12.2.77.8252.03010905090814080711141406121501;1.2.643.5.1.13.13.12.2.77.8252.05051104100602100505120514140315;hip;0;no_violation;Success;0.9662
Датасет/НД_для_обучения/Исследования/2.25.156375884487675936513403083218009333856/series_003_2_CR/A250727121 DXA/CR DXA/CR000008.dcm;1.2.643.5.1.13.13.12.2.77.8252.03010905090814080711141406121501;1.2.643.5.1.13.13.12.2.77.8252.02120313110611140813031405011300;hip;0;no_violation;Success;0.5095
Датасет/НД_для_обучения/Исследования/2.25.156375884487675936513403083218009333856/series_003_2_CR/A250727121 DXA/CR DXA/CR000009.dcm;1.2.643.5.1.13.13.12.2.77.8252.03010905090814080711141406121501;1.2.643.5.1.13.13.12.2.77.8252.01081107130715100908030700130001;hip;1;position_rotation;Success;0.4506
Датасет/НД_для_обучения/Исследования/2.25.156375884487675936513403083218009333856/series_003_2_CR/A250727121 DXA/CR DXA/CR000010.dcm;1.2.643.5.1.13.13.12.2.77.8252.03010905090814080711141406121501;1.2.643.5.1.13.13.12.2.77.8252.02031105000207140511130815071303;hip;0;no_violation;Success;0.713
Датасет/НД_для_обучения/Исследования/2.25.156389075510671877606923458507011517218/series_001_2_CR/A2507389755 DXA/CR DXA/CR000000.dcm;1.2.643.5.1.13.13.12.2.77.8252.14051001011001020103110813110612;1.2.643.5.1.13.13.12.2.77.8252.12101514000107101207120412120213;hip;0;no_violation;Success;0.2274
Датасет/НД_для_обучения/Исследования/2.25.156389075510671877606923458507011517218/series_001_2_CR/A2507389755 DXA/CR DXA/CR000001.dcm;1.2.643.5.1.13.13.12.2.77.8252.14051001011001020103110813110612;1.2.643.5.1.13.13.12.2.77.8252.05051100060005040907000403081502;hip;0;no_violation;Success;0.2929
Датасет/НД_для_обучения/Исследования/2.25.156389075510671877606923458507011517218/series_001_2_CR/A2507389755 DXA/CR DXA/CR000002.dcm;1.2.643.5.1.13.13.12.2.77.8252.14051001011001020103110813110612;1.2.643.5.1.13.13.12.2.77.8252.10040508121311001415130412050515;spine;0;no_violation;Success;0.5939
Датасет/НД_для_обучения/Исследования/2.25.156389075510671877606923458507011517218/series_001_2_CR/A2507389755 DXA/CR DXA/CR000003.dcm;1.2.643.5.1.13.13.12.2.77.8252.14051001011001020103110813110612;1.2.643.5.1.13.13.12.2.77.8252.12071112070710000412111310090807;spine;0;no_violation;Success;0.1062
Датасет/НД_для_обучения/Исследования/2.25.156389075510671877606923458507011517218/series_001_2_CR/A2507389755 DXA/CR DXA/CR000004.dcm;1.2.643.5.1.13.13.12.2.77.8252.14051001011001020103110813110612;1.2.643.5.1.13.13.12.2.77.8252.05071102020515091408100612011404;hip;0;no_violation;Success;0.0723
Датасет/НД_для_обучения/Исследования/2.25.156389075510671877606923458507011517218/series_001_2_CR/A2507389755 DXA/CR DXA/CR000005.dcm;1.2.643.5.1.13.13.12.2.77.8252.14051001011001020103110813110612;1.2.643.5.1.13.13.12.2.77.8252.06010215090214010805091400020206;hip;0;no_violation;Success;0.0474
Датасет/НД_для_обучения/Исследования/2.25.157462338378550185821790046400986801350/series_001_2_CR/A2507498707 DXA/CR DXA/CR000000.dcm;1.2.643.5.1.13.13.12.2.77.8252.04090607151301101110121009081500;1.2.643.5.1.13.13.12.2.77.8252.15011410150513090204040606151204;spine;0;no_violation;Success;0.0444
Датасет/НД_для_обучения/Исследования/2.25.157462338378550185821790046400986801350/series_001_2_CR/A2507498707 DXA/CR DXA/CR000001.dcm;1.2.643.5.1.13.13.12.2.77.8252.04090607151301101110121009081500;1.2.643.5.1.13.13.12.2.77.8252.14100604010411121207140303140506;spine;0;no_violation;Success;0.0413
Датасет/НД_для_обучения/Исследования/2.25.157462338378550185821790046400986801350/series_001_2_CR/A2507498707 DXA/CR DXA/CR000002.dcm;1.2.643.5.1.13.13.12.2.77.8252.04090607151301101110121009081500;1.2.643.5.1.13.13.12.2.77.8252.15141103121505150805131303080314;spine;0;no_violation;Success;0.0454
Датасет/НД_для_обучения/Исследования/2.25.157462338378550185821790046400986801350/series_001_2_CR/A2507498707 DXA/CR DXA/CR000003.dcm;1.2.643.5.1.13.13.12.2.77.8252.04090607151301101110121009081500;1.2.643.5.1.13.13.12.2.77.8252.01041213150709070704090905040703;spine;0;no_violation;Success;0.0504
Датасет/НД_для_обучения/Исследования/2.25.157462338378550185821790046400986801350/series_001_2_CR/A2507498707 DXA/CR DXA/CR000004.dcm;1.2.643.5.1.13.13.12.2.77.8252.04090607151301101110121009081500;1.2.643.5.1.13.13.12.2.77.8252.01050311070609101401120201090506;spine;0;no_violation;Success;0.053
Датасет/НД_для_обучения/Исследования/2.25.157462338378550185821790046400986801350/series_001_2_CR/A2507498707 DXA/CR DXA/CR000005.dcm;1.2.643.5.1.13.13.12.2.77.8252.04090607151301101110121009081500;1.2.643.5.1.13.13.12.2.77.8252.04150901080711131310091006050208;spine;0;no_violation;Success;0.0612
Датасет/НД_для_обучения/Исследования/2.25.158197739569377798130962967413133224194/series_002_2_CR/A2504245497 DXA/CR DXA/CR000000.dcm;1.2.643.5.1.13.13.12.2.77.8252.08130702060402020111101401090509;1.2.643.5.1.13.13.12.2.77.8252.09040703010601060814101313081104;spine;0;no_violation;Success;0.0595
Датасет/НД_для_обучения/Исследования/2.25.158646777318759504110695916200521633609/series_003_6_CR/A2507266260 DXA/CR DXA/CR000000.dcm;1.2.643.5.1.13.13.12.2.77.8252.10030514041010111403040803061004;1.2.643.5.1.13.13.12.2.77.8252.11050703151212091005010115120315;hip;0;no_violation;Success;0.0684
Датасет/НД_для_обучения/Исследования/2.25.158646777318759504110695916200521633609/series_003_6_CR/A2507266260 DXA/CR DXA/CR000001.dcm;1.2.643.5.1.13.13.12.2.77.8252.10030514041010111403040803061004;1.2.643.5.1.13.13.12.2.77.8252.08140602091513140007031414030212;spine;1;artifacts;Success;0.0803
Датасет/НД_для_обучения/Исследования/2.25.158646777318759504110695916200521633609/series_003_6_CR/A2507266260 DXA/CR DXA/CR000002.dcm;1.2.643.5.1.13.13.12.2.77.8252.10030514041010111403040803061004;1.2.643.5.1.13.13.12.2.77.8252.09070206070204150105120502020002;spine;1;artifacts;Success;0.0872
Датасет/НД_для_обучения/Исследования/2.25.158646777318759504110695916200521633609/series_003_6_CR/A2507266260 DXA/CR DXA/CR000003.dcm;1.2.643.5.1.13.13.12.2.77.8252.10030514041010111403040803061004;1.2.643.5.1.13.13.12.2.77.8252.03110108081008000413081502071511;hip;0;no_violation;Success;0.0745
Датасет/НД_для_обучения/Исследования/2.25.158646777318759504110695916200521633609/series_003_6_CR/A2507266260 DXA/CR DXA/CR000004.dcm;1.2.643.5.1.13.13.12.2.77.8252.10030514041010111403040803061004;1.2.643.5.1.13.13.12.2.77.8252.12001515051514100814070205030801;hip;0;no_violation;Success;0.0781
Датасет/НД_для_обучения/Исследования/2.25.158646777318759504110695916200521633609/series_003_6_CR/A2507266260 DXA/CR DXA/CR000005.dcm;1.2.643.5.1.13.13.12.2.77.8252.10030514041010111403040803061004;1.2.643.5.1.13.13.12.2.77.8252.15131010101502051307000500101007;hip;0;no_violation;Success;0.0644
Датасет/НД_для_обучения/Исследования/2.25.158646777318759504110695916200521633609/series_003_6_CR/A2507266260 DXA/CR DXA/CR000006.dcm;1.2.643.5.1.13.13.12.2.77.8252.10030514041010111403040803061004;1.2.643.5.1.13.13.12.2.77.8252.04030712110411040711120105080700;hip;0;no_violation;Success;0.0587
Датасет/НД_для_обучения/Исследования/2.25.158646777318759504110695916200521633609/series_003_6_CR/A2507266260 DXA/CR DXA/CR000007.dcm;1.2.643.5.1.13.13.12.2.77.8252.10030514041010111403040803061004;1.2.643.5.1.13.13.12.2.77.8252.14150106081013050013050511140613;hip;0;no_violation;Success;0.0641
Датасет/НД_для_обучения/Исследования/2.25.158646777318759504110695916200521633609/series_003_6_CR/A2507266260 DXA/CR DXA/CR000008.dcm;1.2.643.5.1.13.13.12.2.77.8252.10030514041010111403040803061004;1.2.643.5.1.13.13.12.2.77.8252.01120709131111081211081313110800;spine;1;artifacts;Success;0.0648
Датасет/НД_для_обучения/Исследования/2.25.158646777318759504110695916200521633609/series_003_6_CR/A2507266260 DXA/CR DXA/CR000009.dcm;1.2.643.5.1.13.13.12.2.77.8252.10030514041010111403040803061004;1.2.643.5.1.13.13.12.2.77.8252.10080511020009041308131206080209;spine;1;artifacts;Success;0.0619
Датасет/НД_для_обучения/Исследования/2.25.158646777318759504110695916200521633609/series_003_6_CR/A2507266260 DXA/CR DXA/CR000010.dcm;1.2.643.5.1.13.13.12.2.77.8252.10030514041010111403040803061004;1.2.643.5.1.13.13.12.2.77.8252.13040700151412120600060201031309;hip;0;no_violation;Success;0.1045
Датасет/НД_для_обучения/Исследования/2.25.158646777318759504110695916200521633609/series_004_2_CR/A2507266260 DXA/CR DXA/CR000000.dcm;1.2.643.5.1.13.13.12.2.77.8252.10030514041010111403040803061004;1.2.643.5.1.13.13.12.2.77.8252.01101303110802020807060303150105;spine;1;artifacts;Success;0.1424
Датасет/НД_для_обучения/Исследования/2.25.158646777318759504110695916200521633609/series_004_2_CR/A2507266260 DXA/CR DXA/CR000001.dcm;1.2.643.5.1.13.13.12.2.77.8252.10030514041010111403040803061004;1.2.643.5.1.13.13.12.2.77.8252.07040712050005061000030214131300;hip;0;no_violation;Success;0.1054
Датасет/НД_для_обучения/Исследования/2.25.158646777318759504110695916200521633609/series_004_2_CR/A2507266260 DXA/CR DXA/CR000002.dcm;1.2.643.5.1.13.13.12.2.77.8252.10030514041010111403040803061004;1.2.643.5.1.13.13.12.2.77.8252.07100810031004120210110309111304;spine;1;artifacts;Success;0.0828
Датасет/НД_для_обучения/Исследования/2.25.158646777318759504110695916200521633609/series_004_2_CR/A2507266260 DXA/CR DXA/CR000003.dcm;1.2.643.5.1.13.13.12.2.77.8252.10030514041010111403040803061004;1.2.643.5.1.13.13.12.2.77.8252.07071202031002110807120405030608;hip;0;no_violation;Success;0.1751
Датасет/НД_для_обучения/Исследования/2.25.158646777318759504110695916200521633609/series_004_2_CR/A2507266260 DXA/CR DXA/CR000004.dcm;1.2.643.5.1.13.13.12.2.77.8252.10030514041010111403040803061004;1.2.643.5.1.13.13.12.2.77.8252.02070215040314000714060301121012;hip;0;no_violation;Success;0.1167
Датасет/НД_для_обучения/Исследования/2.25.158646777318759504110695916200521633609/series_004_2_CR/A2507266260 DXA/CR DXA/CR000005.dcm;1.2.643.5.1.13.13.12.2.77.8252.10030514041010111403040803061004;1.2.643.5.1.13.13.12.2.77.8252.14020109130502120101091201060702;spine;1;artifacts;Success;0.0972
Датасет/НД_для_обучения/Исследования/2.25.158646777318759504110695916200521633609/series_004_2_CR/A2507266260 DXA/CR DXA/CR000006.dcm;1.2.643.5.1.13.13.12.2.77.8252.10030514041010111403040803061004;1.2.643.5.1.13.13.12.2.77.8252.10080501080902141107071310080400;hip;0;no_violation;Success;0.0777
Датасет/НД_для_обучения/Исследования/2.25.158646777318759504110695916200521633609/series_004_2_CR/A2507266260 DXA/CR DXA/CR000007.dcm;1.2.643.5.1.13.13.12.2.77.8252.10030514041010111403040803061004;1.2.643.5.1.13.13.12.2.77.8252.05110305041311030310151512080811;hip;0;no_violation;Success;0.0513
Датасет/НД_для_обучения/Исследования/2.25.158646777318759504110695916200521633609/series_004_2_CR/A2507266260 DXA/CR DXA/CR000008.dcm;1.2.643.5.1.13.13.12.2.77.8252.10030514041010111403040803061004;1.2.643.5.1.13.13.12.2.77.8252.05050408000609040210110603090612;spine;1;artifacts;Success;0.05
Датасет/НД_для_обучения/Исследования/2.25.158646777318759504110695916200521633609/series_004_2_CR/A2507266260 DXA/CR DXA/CR000009.dcm;1.2.643.5.1.13.13.12.2.77.8252.10030514041010111403040803061004;1.2.643.5.1.13.13.12.2.77.8252.09030907130311001200011206051201;hip;0;no_violation;Success;0.0486
Датасет/НД_для_обучения/Исследования/2.25.158646777318759504110695916200521633609/series_004_2_CR/A2507266260 DXA/CR DXA/CR000010.dcm;1.2.643.5.1.13.13.12.2.77.8252.10030514041010111403040803061004;1.2.643.5.1.13.13.12.2.77.8252.14070407100802110204090510100607;hip;0;no_violation;Success;0.0499
Датасет/НД_для_обучения/Исследования/2.25.158646777318759504110695916200521633609/series_004_2_CR/A2507266260 DXA/CR DXA/CR000011.dcm;1.2.643.5.1.13.13.12.2.77.8252.10030514041010111403040803061004;1.2.643.5.1.13.13.12.2.77.8252.02001101060409110302091107020305;hip;0;no_violation;Success;0.0468
Датасет/НД_для_обучения/Исследования/2.25.158646777318759504110695916200521633609/series_004_2_CR/A2507266260 DXA/CR DXA/CR000012.dcm;1.2.643.5.1.13.13.12.2.77.8252.10030514041010111403040803061004;1.2.643.5.1.13.13.12.2.77.8252.02081311121209090807151401120110;spine;1;artifacts;Success;0.0472
Датасет/НД_для_обучения/Исследования/2.25.158646777318759504110695916200521633609/series_004_2_CR/A2507266260 DXA/CR DXA/CR000013.dcm;1.2.643.5.1.13.13.12.2.77.8252.10030514041010111403040803061004;1.2.643.5.1.13.13.12.2.77.8252.04021100060501150502031503091205;spine;1;artifacts;Success;0.0414
Датасет/НД_для_обучения/Исследования/2.25.158646777318759504110695916200521633609/series_004_2_CR/A2507266260 DXA/CR DXA/CR000014.dcm;1.2.643.5.1.13.13.12.2.77.8252.10030514041010111403040803061004;1.2.643.5.1.13.13.12.2.77.8252.08031403081214020202010408050515;hip;0;no_violation;Success;0.0764
Датасет/НД_для_обучения/Исследования/2.25.158646777318759504110695916200521633609/series_004_2_CR/A2507266260 DXA/CR DXA/CR000015.dcm;1.2.643.5.1.13.13.12.2.77.8252.10030514041010111403040803061004;1.2.643.5.1.13.13.12.2.77.8252.12010614051405051206130410050708;hip;0;no_violation;Success;0.0741
Датасет/НД_для_обучения/Исследования/2.25.158646777318759504110695916200521633609/series_004_2_CR/A2507266260 DXA/CR DXA/CR000016.dcm;1.2.643.5.1.13.13.12.2.77.8252.10030514041010111403040803061004;1.2.643.5.1.13.13.12.2.77.8252.05131012021403090403150713091114;hip;0;no_violation;Success;0.0713
Датасет/НД_для_обучения/Исследования/2.25.158646777318759504110695916200521633609/series_004_2_CR/A2507266260 DXA/CR DXA/CR000017.dcm;1.2.643.5.1.13.13.12.2.77.8252.10030514041010111403040803061004;1.2.643.5.1.13.13.12.2.77.8252.11030505061512110108000404010908;hip;0;no_violation;Success;0.0926
Датасет/НД_для_обучения/Исследования/2.25.159930383074323525630608416881201447861/series_002_2_CR/A2507139428 DXA/CR DXA/CR000000.dcm;1.2.643.5.1.13.13.12.2.77.8252.05080007010908151412021401130712;1.2.643.5.1.13.13.12.2.77.8252.03050413050004110015050414021412;spine;0;no_violation;Success;0.1002
Датасет/НД_для_обучения/Исследования/2.25.164566280810634620154538016595892212884/series_001_2_CR/A2504291878 DXA Exam/CR DXA Images/CR000000.dcm;1.2.643.5.1.13.13.12.2.77.8252.11031305020803120210110303010607;1.2.643.5.1.13.13.12.2.77.8252.05080909100510090906081209130901;hip;1;position_rotation;Success;0.119
Датасет/НД_для_обучения/Исследования/2.25.164566280810634620154538016595892212884/series_001_2_CR/A2504291878 DXA Exam/CR DXA Images/CR000001.dcm;1.2.643.5.1.13.13.12.2.77.8252.11031305020803120210110303010607;1.2.643.5.1.13.13.12.2.77.8252.02030112081401101404040904010405;spine;0;no_violation;Success;0.0917
Датасет/НД_для_обучения/Исследования/2.25.164566280810634620154538016595892212884/series_001_2_CR/A2504291878 DXA Exam/CR DXA Images/CR000002.dcm;1.2.643.5.1.13.13.12.2.77.8252.11031305020803120210110303010607;1.2.643.5.1.13.13.12.2.77.8252.00071210060602011311010906021407;hip;0;no_violation;Success;0.0678
Датасет/НД_для_обучения/Исследования/2.25.165091430504580219034019815337441064349/series_001_2_CR/A2504415443 DXA/CR DXA/CR000000.dcm;1.2.643.5.1.13.13.12.2.77.8252.07040007120602101304050600010708;1.2.643.5.1.13.13.12.2.77.8252.14100208080000030010140812001111;spine;0;no_violation;Success;0.0704
Датасет/НД_для_обучения/Исследования/2.25.165091430504580219034019815337441064349/series_001_2_CR/A2504415443 DXA/CR DXA/CR000001.dcm;1.2.643.5.1.13.13.12.2.77.8252.07040007120602101304050600010708;1.2.643.5.1.13.13.12.2.77.8252.12140710150813060013011403140807;spine;0;no_violation;Success;0.06
Датасет/НД_для_обучения/Исследования/2.25.165091430504580219034019815337441064349/series_001_2_CR/A2504415443 DXA/CR DXA/CR000002.dcm;1.2.643.5.1.13.13.12.2.77.8252.07040007120602101304050600010708;1.2.643.5.1.13.13.12.2.77.8252.01120104060301100213100004141203;spine;0;no_violation;Success;0.0589
Датасет/НД_для_обучения/Исследования/2.25.165091430504580219034019815337441064349/series_001_2_CR/A2504415443 DXA/CR DXA/CR000003.dcm;1.2.643.5.1.13.13.12.2.77.8252.07040007120602101304050600010708;1.2.643.5.1.13.13.12.2.77.8252.03000107141315000207090502080502;spine;0;no_violation;Success;0.0603
Датасет/НД_для_обучения/Исследования/2.25.165091430504580219034019815337441064349/series_001_2_CR/A2504415443 DXA/CR DXA/CR000004.dcm;1.2.643.5.1.13.13.12.2.77.8252.07040007120602101304050600010708;1.2.643.5.1.13.13.12.2.77.8252.12050607100307101401110010080508;spine;0;no_violation;Success;0.0779
Датасет/НД_для_обучения/Исследования/2.25.165091430504580219034019815337441064349/series_001_2_CR/A2504415443 DXA/CR DXA/CR000005.dcm;1.2.643.5.1.13.13.12.2.77.8252.07040007120602101304050600010708;1.2.643.5.1.13.13.12.2.77.8252.02080910050503150405130310031107;spine;0;no_violation;Success;0.0841
Датасет/НД_для_обучения/Исследования/2.25.165355673991587715046346525964554729786/series_003_3_CR/A2506448267 DXA/CR DXA/CR000000.dcm;1.2.643.5.1.13.13.12.2.77.8252.12060501010302051215051203010600;1.2.643.5.1.13.13.12.2.77.8252.03030806061309020808141008071213;spine;0;no_violation;Success;0.0764
Датасет/НД_для_обучения/Исследования/2.25.165355673991587715046346525964554729786/series_003_3_CR/A2506448267 DXA/CR DXA/CR000001.dcm;1.2.643.5.1.13.13.12.2.77.8252.12060501010302051215051203010600;1.2.643.5.1.13.13.12.2.77.8252.05130006080703150808130311150104;hip;1;quality_violation_unspecified;Success;0.0836
Датасет/НД_для_обучения/Исследования/2.25.167344201679287285499405412654740659745/series_003_2_CR/A2504249537 DXA/CR DXA/CR000000.dcm;1.2.643.5.1.13.13.12.2.77.8252.11061310061408070513110011010800;1.2.643.5.1.13.13.12.2.77.8252.05050004021105041108010100020012;spine;0;no_violation;Success;0.0949
Датасет/НД_для_обучения/Исследования/2.25.167344201679287285499405412654740659745/series_003_2_CR/A2504249537 DXA/CR DXA/CR000001.dcm;1.2.643.5.1.13.13.12.2.77.8252.11061310061408070513110011010800;1.2.643.5.1.13.13.12.2.77.8252.03020203090713120707041512070302;spine;0;no_violation;Success;0.0602
Датасет/НД_для_обучения/Исследования/2.25.167344201679287285499405412654740659745/series_003_2_CR/A2504249537 DXA/CR DXA/CR000002.dcm;1.2.643.5.1.13.13.12.2.77.8252.11061310061408070513110011010800;1.2.643.5.1.13.13.12.2.77.8252.06020510071406141308051102110806;spine;0;no_violation;Success;0.0511
Датасет/НД_для_обучения/Исследования/2.25.167344201679287285499405412654740659745/series_003_2_CR/A2504249537 DXA/CR DXA/CR000003.dcm;1.2.643.5.1.13.13.12.2.77.8252.11061310061408070513110011010800;1.2.643.5.1.13.13.12.2.77.8252.03110714040901011514120512140506;spine;0;no_violation;Success;0.0593
Датасет/НД_для_обучения/Исследования/2.25.167344201679287285499405412654740659745/series_003_2_CR/A2504249537 DXA/CR DXA/CR000004.dcm;1.2.643.5.1.13.13.12.2.77.8252.11061310061408070513110011010800;1.2.643.5.1.13.13.12.2.77.8252.04140115150705031110051301090913;spine;0;no_violation;Success;0.0538
Датасет/НД_для_обучения/Исследования/2.25.167344201679287285499405412654740659745/series_003_2_CR/A2504249537 DXA/CR DXA/CR000005.dcm;1.2.643.5.1.13.13.12.2.77.8252.11061310061408070513110011010800;1.2.643.5.1.13.13.12.2.77.8252.10110808050405011511051303070302;spine;0;no_violation;Success;0.0555
Датасет/НД_для_обучения/Исследования/2.25.16773626720107440979805052259711419763/series_004_2_CR/A2507537392 DXA/CR DXA/CR000000.dcm;1.2.643.5.1.13.13.12.2.77.8252.09131109110213080611001502040813;1.2.643.5.1.13.13.12.2.77.8252.09031014151115011007041507060209;spine;0;no_violation;Success;0.0631
Датасет/НД_для_обучения/Исследования/2.25.16773626720107440979805052259711419763/series_004_2_CR/A2507537392 DXA/CR DXA/CR000001.dcm;1.2.643.5.1.13.13.12.2.77.8252.09131109110213080611001502040813;1.2.643.5.1.13.13.12.2.77.8252.15000110101510080415120006131402;spine;0;no_violation;Success;0.0877
Датасет/НД_для_обучения/Исследования/2.25.16773626720107440979805052259711419763/series_004_2_CR/A2507537392 DXA/CR DXA/CR000002.dcm;1.2.643.5.1.13.13.12.2.77.8252.09131109110213080611001502040813;1.2.643.5.1.13.13.12.2.77.8252.07111109140703130315001513000701;spine;0;no_violation;Success;0.0745
Датасет/НД_для_обучения/Исследования/2.25.16773626720107440979805052259711419763/series_004_2_CR/A2507537392 DXA/CR DXA/CR000003.dcm;1.2.643.5.1.13.13.12.2.77.8252.09131109110213080611001502040813;1.2.643.5.1.13.13.12.2.77.8252.15061506101401070412150108010615;spine;0;no_violation;Success;0.0496
Датасет/НД_для_обучения/Исследования/2.25.16773626720107440979805052259711419763/series_004_2_CR/A2507537392 DXA/CR DXA/CR000004.dcm;1.2.643.5.1.13.13.12.2.77.8252.09131109110213080611001502040813;1.2.643.5.1.13.13.12.2.77.8252.13040605040810031203041510031012;spine;0;no_violation;Success;0.0433
Датасет/НД_для_обучения/Исследования/2.25.16773626720107440979805052259711419763/series_004_2_CR/A2507537392 DXA/CR DXA/CR000005.dcm;1.2.643.5.1.13.13.12.2.77.8252.09131109110213080611001502040813;1.2.643.5.1.13.13.12.2.77.8252.02071412140202140114070213030205;spine;0;no_violation;Success;0.0399
Датасет/НД_для_обучения/Исследования/2.25.16773626720107440979805052259711419763/series_004_2_CR/A2507537392 DXA/CR DXA/CR000006.dcm;1.2.643.5.1.13.13.12.2.77.8252.09131109110213080611001502040813;1.2.643.5.1.13.13.12.2.77.8252.11120907150103150102101200080104;spine;0;no_violation;Success;0.046
Датасет/НД_для_обучения/Исследования/2.25.16773626720107440979805052259711419763/series_004_2_CR/A2507537392 DXA/CR DXA/CR000007.dcm;1.2.643.5.1.13.13.12.2.77.8252.09131109110213080611001502040813;1.2.643.5.1.13.13.12.2.77.8252.00120605081302140615061408051413;spine;0;no_violation;Success;0.0473
Датасет/НД_для_обучения/Исследования/2.25.16773626720107440979805052259711419763/series_004_2_CR/A2507537392 DXA/CR DXA/CR000008.dcm;1.2.643.5.1.13.13.12.2.77.8252.09131109110213080611001502040813;1.2.643.5.1.13.13.12.2.77.8252.13060012130706071508131506061110;spine;0;no_violation;Success;0.041
Датасет/НД_для_обучения/Исследования/2.25.16773626720107440979805052259711419763/series_004_2_CR/A2507537392 DXA/CR DXA/CR000009.dcm;1.2.643.5.1.13.13.12.2.77.8252.09131109110213080611001502040813;1.2.643.5.1.13.13.12.2.77.8252.09020303070910070711011409031209;spine;0;no_violation;Success;0.0399
Датасет/НД_для_обучения/Исследования/2.25.16773626720107440979805052259711419763/series_004_2_CR/A2507537392 DXA/CR DXA/CR000010.dcm;1.2.643.5.1.13.13.12.2.77.8252.09131109110213080611001502040813;1.2.643.5.1.13.13.12.2.77.8252.04101314021103041302071314011203;spine;0;no_violation;Success;0.0406
Датасет/НД_для_обучения/Исследования/2.25.16773626720107440979805052259711419763/series_004_2_CR/A2507537392 DXA/CR DXA/CR000011.dcm;1.2.643.5.1.13.13.12.2.77.8252.09131109110213080611001502040813;1.2.643.5.1.13.13.12.2.77.8252.03120113151010021310000801051000;spine;0;no_violation;Success;0.0478
Датасет/НД_для_обучения/Исследования/2.25.168317503020329569414190677927680518621/series_004_2_CR/A2507557128 DXA/CR DXA/CR000000.dcm;1.2.643.5.1.13.13.12.2.77.8252.11120509060313030005050308070506;1.2.643.5.1.13.13.12.2.77.8252.10050700041001040614050614130103;spine;0;no_violation;Success;0.0443
Датасет/НД_для_обучения/Исследования/2.25.168317503020329569414190677927680518621/series_004_2_CR/A2507557128 DXA/CR DXA/CR000001.dcm;1.2.643.5.1.13.13.12.2.77.8252.11120509060313030005050308070506;1.2.643.5.1.13.13.12.2.77.8252.04081410150705000907120005030306;spine;0;no_violation;Success;0.0394
Датасет/НД_для_обучения/Исследования/2.25.168317503020329569414190677927680518621/series_004_2_CR/A2507557128 DXA/CR DXA/CR000002.dcm;1.2.643.5.1.13.13.12.2.77.8252.11120509060313030005050308070506;1.2.643.5.1.13.13.12.2.77.8252.10010207001309070508110212031008;spine;0;no_violation;Success;0.0393
Датасет/НД_для_обучения/Исследования/2.25.168317503020329569414190677927680518621/series_004_2_CR/A2507557128 DXA/CR DXA/CR000003.dcm;1.2.643.5.1.13.13.12.2.77.8252.11120509060313030005050308070506;1.2.643.5.1.13.13.12.2.77.8252.08150001020008051511060800070004;spine;0;no_violation;Success;0.046
Датасет/НД_для_обучения/Исследования/2.25.168317503020329569414190677927680518621/series_004_2_CR/A2507557128 DXA/CR DXA/CR000004.dcm;1.2.643.5.1.13.13.12.2.77.8252.11120509060313030005050308070506;1.2.643.5.1.13.13.12.2.77.8252.03110002011112060400010906040109;hip;0;no_violation;Success;0.0472
Датасет/НД_для_обучения/Исследования/2.25.168317503020329569414190677927680518621/series_004_2_CR/A2507557128 DXA/CR DXA/CR000005.dcm;1.2.643.5.1.13.13.12.2.77.8252.11120509060313030005050308070506;1.2.643.5.1.13.13.12.2.77.8252.01130115100005150714080303151110;spine;0;no_violation;Success;0.0392
Датасет/НД_для_обучения/Исследования/2.25.168317503020329569414190677927680518621/series_004_2_CR/A2507557128 DXA/CR DXA/CR000006.dcm;1.2.643.5.1.13.13.12.2.77.8252.11120509060313030005050308070506;1.2.643.5.1.13.13.12.2.77.8252.14030405080503070005090010011210;spine;0;no_violation;Success;0.0414
Датасет/НД_для_обучения/Исследования/2.25.168317503020329569414190677927680518621/series_004_2_CR/A2507557128 DXA/CR DXA/CR000007.dcm;1.2.643.5.1.13.13.12.2.77.8252.11120509060313030005050308070506;1.2.643.5.1.13.13.12.2.77.8252.02031311110004131100010706000003;hip;0;no_violation;Success;0.0393
Датасет/НД_для_обучения/Исследования/2.25.168317503020329569414190677927680518621/series_004_2_CR/A2507557128 DXA/CR DXA/CR000008.dcm;1.2.643.5.1.13.13.12.2.77.8252.11120509060313030005050308070506;1.2.643.5.1.13.13.12.2.77.8252.14040413080712030012001414011512;hip;0;no_violation;Success;0.04
Датасет/НД_для_обучения/Исследования/2.25.168317503020329569414190677927680518621/series_004_2_CR/A2507557128 DXA/CR DXA/CR000009.dcm;1.2.643.5.1.13.13.12.2.77.8252.11120509060313030005050308070506;1.2.643.5.1.13.13.12.2.77.8252.09111007121406000411060915050407;spine;0;no_violation;Success;0.0473
Датасет/НД_для_обучения/Исследования/2.25.168317503020329569414190677927680518621/series_004_2_CR/A2507557128 DXA/CR DXA/CR000010.dcm;1.2.643.5.1.13.13.12.2.77.8252.11120509060313030005050308070506;1.2.643.5.1.13.13.12.2.77.8252.06080402070700011103140402140007;spine;0;no_violation;Success;0.0444
Датасет/НД_для_обучения/Исследования/2.25.168317503020329569414190677927680518621/series_004_2_CR/A2507557128 DXA/CR DXA/CR000011.dcm;1.2.643.5.1.13.13.12.2.77.8252.11120509060313030005050308070506;1.2.643.5.1.13.13.12.2.77.8252.05090510080809140209120604081002;hip;0;no_violation;Success;0.0427
Датасет/НД_для_обучения/Исследования/2.25.169242707068684757906797344800977707240/series_003_2_CR/A2507185832 DXA/CR DXA/CR000000.dcm;1.2.643.5.1.13.13.12.2.77.8252.11130805080112021004150213051005;1.2.643.5.1.13.13.12.2.77.8252.03020907090204060013031106111312;spine;0;no_violation;Success;0.0379
Датасет/НД_для_обучения/Исследования/2.25.172445998420765569384934552191547932566/series_004_2_CR/A2507368766 DXA/CR DXA/CR000000.dcm;1.2.643.5.1.13.13.12.2.77.8252.07141114011403010702060406101512;1.2.643.5.1.13.13.12.2.77.8252.08131412000401011215150704040610;hip;1;position_rotation;Success;0.0388
Датасет/НД_для_обучения/Исследования/2.25.172445998420765569384934552191547932566/series_004_2_CR/A2507368766 DXA/CR DXA/CR000001.dcm;1.2.643.5.1.13.13.12.2.77.8252.07141114011403010702060406101512;1.2.643.5.1.13.13.12.2.77.8252.05030907080814020708000711150507;hip;0;no_violation;Success;0.0511
Датасет/НД_для_обучения/Исследования/2.25.172445998420765569384934552191547932566/series_004_2_CR/A2507368766 DXA/CR DXA/CR000002.dcm;1.2.643.5.1.13.13.12.2.77.8252.07141114011403010702060406101512;1.2.643.5.1.13.13.12.2.77.8252.15151313120000020410110702050700;hip;0;no_violation;Success;0.0509
Датасет/НД_для_обучения/Исследования/2.25.173731186748227489808861376513577450951/series_002_2_CR/A2507188958 DXA/CR DXA/CR000000.dcm;1.2.643.5.1.13.13.12.2.77.8252.02011400121411091003041007011307;1.2.643.5.1.13.13.12.2.77.8252.01091510011014070612050311031410;spine;0;no_violation;Success;0.0545
Датасет/НД_для_обучения/Исследования/2.25.173731186748227489808861376513577450951/series_002_2_CR/A2507188958 DXA/CR DXA/CR000001.dcm;1.2.643.5.1.13.13.12.2.77.8252.02011400121411091003041007011307;1.2.643.5.1.13.13.12.2.77.8252.04070212140009090002060410031413;spine;0;no_violation;Success;0.046
Датасет/НД_для_обучения/Исследования/2.25.173753313169335820519632380691065649420/series_003_2_CR/A2504265499 DXA/CR DXA/CR000000.dcm;1.2.643.5.1.13.13.12.2.77.8252.09090912081008051408101503020807;1.2.643.5.1.13.13.12.2.77.8252.10100404000008120405081411021306;spine;0;no_violation;Success;0.0486
Датасет/НД_для_обучения/Исследования/2.25.173753313169335820519632380691065649420/series_003_2_CR/A2504265499 DXA/CR DXA/CR000001.dcm;1.2.643.5.1.13.13.12.2.77.8252.09090912081008051408101503020807;1.2.643.5.1.13.13.12.2.77.8252.04131502110204030305140811061103;spine;0;no_violation;Success;0.0438
Датасет/НД_для_обучения/Исследования/2.25.173753313169335820519632380691065649420/series_003_2_CR/A2504265499 DXA/CR DXA/CR000002.dcm;1.2.643.5.1.13.13.12.2.77.8252.09090912081008051408101503020807;1.2.643.5.1.13.13.12.2.77.8252.13001014110608151112110112061114;hip;1;position_rotation;Success;0.0445
Датасет/НД_для_обучения/Исследования/2.25.173753313169335820519632380691065649420/series_003_2_CR/A2504265499 DXA/CR DXA/CR000003.dcm;1.2.643.5.1.13.13.12.2.77.8252.09090912081008051408101503020807;1.2.643.5.1.13.13.12.2.77.8252.04111300031205120703050100121209;spine;0;no_violation;Success;0.0428
Датасет/НД_для_обучения/Исследования/2.25.173753313169335820519632380691065649420/series_003_2_CR/A2504265499 DXA/CR DXA/CR000004.dcm;1.2.643.5.1.13.13.12.2.77.8252.09090912081008051408101503020807;1.2.643.5.1.13.13.12.2.77.8252.14060111140409011305070812141414;spine;0;no_violation;Success;0.0382
Датасет/НД_для_обучения/Исследования/2.25.173753313169335820519632380691065649420/series_003_2_CR/A2504265499 DXA/CR DXA/CR000005.dcm;1.2.643.5.1.13.13.12.2.77.8252.09090912081008051408101503020807;1.2.643.5.1.13.13.12.2.77.8252.15000310101315070007100105150401;hip;1;position_rotation;Success;0.0473
Датасет/НД_для_обучения/Исследования/2.25.173753313169335820519632380691065649420/series_003_2_CR/A2504265499 DXA/CR DXA/CR000006.dcm;1.2.643.5.1.13.13.12.2.77.8252.09090912081008051408101503020807;1.2.643.5.1.13.13.12.2.77.8252.05130004120107120511100914090711;spine;0;no_violation;Success;0.0507
Датасет/НД_для_обучения/Исследования/2.25.173753313169335820519632380691065649420/series_003_2_CR/A2504265499 DXA/CR DXA/CR000007.dcm;1.2.643.5.1.13.13.12.2.77.8252.09090912081008051408101503020807;1.2.643.5.1.13.13.12.2.77.8252.14100508051012080011140911030615;spine;0;no_violation;Success;0.0585
Датасет/НД_для_обучения/Исследования/2.25.173753313169335820519632380691065649420/series_003_2_CR/A2504265499 DXA/CR DXA/CR000008.dcm;1.2.643.5.1.13.13.12.2.77.8252.09090912081008051408101503020807;1.2.643.5.1.13.13.12.2.77.8252.04041008080502040914000415071204;hip;1;position_rotation;Success;0.0621
Датасет/НД_для_обучения/Исследования/2.25.173753313169335820519632380691065649420/series_003_2_CR/A2504265499 DXA/CR DXA/CR000009.dcm;1.2.643.5.1.13.13.12.2.77.8252.09090912081008051408101503020807;1.2.643.5.1.13.13.12.2.77.8252.03020200150014080308080615120500;spine;0;no_violation;Success;0.056
Датасет/НД_для_обучения/Исследования/2.25.173753313169335820519632380691065649420/series_003_2_CR/A2504265499 DXA/CR DXA/CR000010.dcm;1.2.643.5.1.13.13.12.2.77.8252.09090912081008051408101503020807;1.2.643.5.1.13.13.12.2.77.8252.13141514150708151311080810050711;spine;0;no_violation;Success;0.0483
Датасет/НД_для_обучения/Исследования/2.25.175881661753775295785039265792986971602/series_003_2_CR/A2507266462 DXA/CR DXA/CR000000.dcm;1.2.643.5.1.13.13.12.2.77.8252.01091501110815031100020500130014;1.2.643.5.1.13.13.12.2.77.8252.06070803110509120507010310141201;spine;0;no_violation;Success;0.0472
Датасет/НД_для_обучения/Исследования/2.25.175881661753775295785039265792986971602/series_003_2_CR/A2507266462 DXA/CR DXA/CR000001.dcm;1.2.643.5.1.13.13.12.2.77.8252.01091501110815031100020500130014;1.2.643.5.1.13.13.12.2.77.8252.14060403060314010506081209070311;hip;1;position_rotation;Success;0.0491
Датасет/НД_для_обучения/Исследования/2.25.175881661753775295785039265792986971602/series_003_2_CR/A2507266462 DXA/CR DXA/CR000002.dcm;1.2.643.5.1.13.13.12.2.77.8252.01091501110815031100020500130014;1.2.643.5.1.13.13.12.2.77.8252.10000603030913050503020611051415;spine;0;no_violation;Success;0.0551
Датасет/НД_для_обучения/Исследования/2.25.175881661753775295785039265792986971602/series_003_2_CR/A2507266462 DXA/CR DXA/CR000003.dcm;1.2.643.5.1.13.13.12.2.77.8252.01091501110815031100020500130014;1.2.643.5.1.13.13.12.2.77.8252.06110514030914051115040913030103;spine;0;no_violation;Success;0.059
Датасет/НД_для_обучения/Исследования/2.25.175903805423871105435148927871625232853/series_001_2_CR/A2507159447 DXA/CR DXA/CR000000.dcm;1.2.643.5.1.13.13.12.2.77.8252.08010308000211020503020307091312;1.2.643.5.1.13.13.12.2.77.8252.12071204070300150506091512141413;hip;1;position_rotation;Success;0.0573
Датасет/НД_для_обучения/Исследования/2.25.175903805423871105435148927871625232853/series_001_2_CR/A2507159447 DXA/CR DXA/CR000001.dcm;1.2.643.5.1.13.13.12.2.77.8252.08010308000211020503020307091312;1.2.643.5.1.13.13.12.2.77.8252.13151105000600070510031109011109;hip;0;no_violation;Success;0.085
Датасет/НД_для_обучения/Исследования/2.25.175903805423871105435148927871625232853/series_001_2_CR/A2507159447 DXA/CR DXA/CR000002.dcm;1.2.643.5.1.13.13.12.2.77.8252.08010308000211020503020307091312;1.2.643.5.1.13.13.12.2.77.8252.15100208060002090813060606131404;hip;0;no_violation;Success;0.1287
Датасет/НД_для_обучения/Исследования/2.25.17706555930735581384953296958427669848/series_004_3_CR/A2504146513 DXA/CR DXA/CR000000.dcm;1.2.643.5.1.13.13.12.2.77.8252.15150900091406150103131401151205;1.2.643.5.1.13.13.12.2.77.8252.11051514070611150905020505061111;spine;0;no_violation;Success;0.061
Датасет/НД_для_обучения/Исследования/2.25.17706555930735581384953296958427669848/series_004_3_CR/A2504146513 DXA/CR DXA/CR000001.dcm;1.2.643.5.1.13.13.12.2.77.8252.15150900091406150103131401151205;1.2.643.5.1.13.13.12.2.77.8252.03050114141207061001080502130215;spine;1;quality_violation_unspecified;Success;0.0437
Датасет/НД_для_обучения/Исследования/2.25.17706555930735581384953296958427669848/series_004_3_CR/A2504146513 DXA/CR DXA/CR000002.dcm;1.2.643.5.1.13.13.12.2.77.8252.15150900091406150103131401151205;1.2.643.5.1.13.13.12.2.77.8252.02140511090200100603110807051014;spine;1;quality_violation_unspecified;Success;0.0383
Датасет/НД_для_обучения/Исследования/2.25.17706555930735581384953296958427669848/series_004_3_CR/A2504146513 DXA/CR DXA/CR000003.dcm;1.2.643.5.1.13.13.12.2.77.8252.15150900091406150103131401151205;1.2.643.5.1.13.13.12.2.77.8252.08081313070715151208110603030015;spine;0;no_violation;Success;0.0377
Датасет/НД_для_обучения/Исследования/2.25.17706555930735581384953296958427669848/series_004_3_CR/A2504146513 DXA/CR DXA/CR000004.dcm;1.2.643.5.1.13.13.12.2.77.8252.15150900091406150103131401151205;1.2.643.5.1.13.13.12.2.77.8252.04041511061006011303010701020104;spine;0;no_violation;Success;0.0417
Датасет/НД_для_обучения/Исследования/2.25.17706555930735581384953296958427669848/series_004_3_CR/A2504146513 DXA/CR DXA/CR000005.dcm;1.2.643.5.1.13.13.12.2.77.8252.15150900091406150103131401151205;1.2.643.5.1.13.13.12.2.77.8252.14111104000112000401050109111415;spine;0;no_violation;Success;0.0409
Датасет/НД_для_обучения/Исследования/2.25.177745077805190810016231350557005569203/series_002_2_CR/A2504273759 DXA/CR DXA/CR000000.dcm;1.2.643.5.1.13.13.12.2.77.8252.11110412020614040803060513120911;1.2.643.5.1.13.13.12.2.77.8252.04150214121314031409051312111410;spine;0;no_violation;Success;0.0382
Датасет/НД_для_обучения/Исследования/2.25.177745077805190810016231350557005569203/series_002_2_CR/A2504273759 DXA/CR DXA/CR000001.dcm;1.2.643.5.1.13.13.12.2.77.8252.11110412020614040803060513120911;1.2.643.5.1.13.13.12.2.77.8252.03031110041309110901030612131412;hip;1;position_rotation;Success;0.0385
Датасет/НД_для_обучения/Исследования/2.25.177745077805190810016231350557005569203/series_002_2_CR/A2504273759 DXA/CR DXA/CR000002.dcm;1.2.643.5.1.13.13.12.2.77.8252.11110412020614040803060513120911;1.2.643.5.1.13.13.12.2.77.8252.10151201011509101414030411060512;hip;1;position_rotation;Success;0.0379
Датасет/НД_для_обучения/Исследования/2.25.177745077805190810016231350557005569203/series_002_2_CR/A2504273759 DXA/CR DXA/CR000003.dcm;1.2.643.5.1.13.13.12.2.77.8252.11110412020614040803060513120911;1.2.643.5.1.13.13.12.2.77.8252.00141000101506010405040508081209;spine;0;no_violation;Success;0.0377
Датасет/НД_для_обучения/Исследования/2.25.177745077805190810016231350557005569203/series_002_2_CR/A2504273759 DXA/CR DXA/CR000004.dcm;1.2.643.5.1.13.13.12.2.77.8252.11110412020614040803060513120911;1.2.643.5.1.13.13.12.2.77.8252.06130700140211110505051411010711;spine;0;no_violation;Success;0.04
Датасет/НД_для_обучения/Исследования/2.25.177745077805190810016231350557005569203/series_002_2_CR/A2504273759 DXA/CR DXA/CR000005.dcm;1.2.643.5.1.13.13.12.2.77.8252.11110412020614040803060513120911;1.2.643.5.1.13.13.12.2.77.8252.01001108050505090405071008120805;spine;0;no_violation;Success;0.0406
Датасет/НД_для_обучения/Исследования/2.25.178533355209696795441380751187185128893/series_003_2_CR/A2507155452 DXA/CR DXA/CR000000.dcm;1.2.643.5.1.13.13.12.2.77.8252.05000609021402010711070801100904;1.2.643.5.1.13.13.12.2.77.8252.14110604050810020100071004090404;hip;1;position_rotation;Success;0.0421
Датасет/НД_для_обучения/Исследования/2.25.181196659018348153828200695057897449628/series_004_2_CR/A2507370620 DXA/CR DXA/CR000000.dcm;1.2.643.5.1.13.13.12.2.77.8252.04121102011402150303110508111305;1.2.643.5.1.13.13.12.2.77.8252.14150808010700150501131415040808;hip;0;no_violation;Success;0.0383
Датасет/НД_для_обучения/Исследования/2.25.181196659018348153828200695057897449628/series_004_2_CR/A2507370620 DXA/CR DXA/CR000001.dcm;1.2.643.5.1.13.13.12.2.77.8252.04121102011402150303110508111305;1.2.643.5.1.13.13.12.2.77.8252.07040306041313130904140702020908;spine;0;no_violation;Success;0.0377
Датасет/НД_для_обучения/Исследования/2.25.181196659018348153828200695057897449628/series_004_2_CR/A2507370620 DXA/CR DXA/CR000002.dcm;1.2.643.5.1.13.13.12.2.77.8252.04121102011402150303110508111305;1.2.643.5.1.13.13.12.2.77.8252.08141015091400020302110912090508;hip;1;position_rotation;Success;0.0383
Датасет/НД_для_обучения/Исследования/2.25.181196659018348153828200695057897449628/series_004_2_CR/A2507370620 DXA/CR DXA/CR000003.dcm;1.2.643.5.1.13.13.12.2.77.8252.04121102011402150303110508111305;1.2.643.5.1.13.13.12.2.77.8252.07130015011404020601141211131000;hip;1;position_rotation;Success;0.0421
Датасет/НД_для_обучения/Исследования/2.25.181196659018348153828200695057897449628/series_004_2_CR/A2507370620 DXA/CR DXA/CR000004.dcm;1.2.643.5.1.13.13.12.2.77.8252.04121102011402150303110508111305;1.2.643.5.1.13.13.12.2.77.8252.07070209131108100009081313101204;spine;0;no_violation;Success;0.0413
Датасет/НД_для_обучения/Исследования/2.25.181196659018348153828200695057897449628/series_004_2_CR/A2507370620 DXA/CR DXA/CR000005.dcm;1.2.643.5.1.13.13.12.2.77.8252.04121102011402150303110508111305;1.2.643.5.1.13.13.12.2.77.8252.03001212011504090610110601060006;spine;0;no_violation;Success;0.0416
Датасет/НД_для_обучения/Исследования/2.25.181196659018348153828200695057897449628/series_004_2_CR/A2507370620 DXA/CR DXA/CR000006.dcm;1.2.643.5.1.13.13.12.2.77.8252.04121102011402150303110508111305;1.2.643.5.1.13.13.12.2.77.8252.11080509070315011108060003120408;hip;0;no_violation;Success;0.041
Датасет/НД_для_обучения/Исследования/2.25.181196659018348153828200695057897449628/series_004_2_CR/A2507370620 DXA/CR DXA/CR000007.dcm;1.2.643.5.1.13.13.12.2.77.8252.04121102011402150303110508111305;1.2.643.5.1.13.13.12.2.77.8252.13100414021307020008020611130410;hip;0;no_violation;Success;0.0384
Датасет/НД_для_обучения/Исследования/2.25.181196659018348153828200695057897449628/series_004_2_CR/A2507370620 DXA/CR DXA/CR000008.dcm;1.2.643.5.1.13.13.12.2.77.8252.04121102011402150303110508111305;1.2.643.5.1.13.13.12.2.77.8252.00010603011503150401111314061209;hip;0;no_violation;Success;0.0375
Датасет/НД_для_обучения/Исследования/2.25.181196659018348153828200695057897449628/series_004_2_CR/A2507370620 DXA/CR DXA/CR000009.dcm;1.2.643.5.1.13.13.12.2.77.8252.04121102011402150303110508111305;1.2.643.5.1.13.13.12.2.77.8252.08041100070615121300141413020001;spine;0;no_violation;Success;0.0443
Датасет/НД_для_обучения/Исследования/2.25.181196659018348153828200695057897449628/series_004_2_CR/A2507370620 DXA/CR DXA/CR000010.dcm;1.2.643.5.1.13.13.12.2.77.8252.04121102011402150303110508111305;1.2.643.5.1.13.13.12.2.77.8252.08060613070108000200131403151214;hip;0;no_violation;Success;0.0515
Датасет/НД_для_обучения/Исследования/2.25.181196659018348153828200695057897449628/series_004_2_CR/A2507370620 DXA/CR DXA/CR000011.dcm;1.2.643.5.1.13.13.12.2.77.8252.04121102011402150303110508111305;1.2.643.5.1.13.13.12.2.77.8252.15131206051500011310060914011411;hip;1;position_rotation;Success;0.0462
Датасет/НД_для_обучения/Исследования/2.25.181196659018348153828200695057897449628/series_004_2_CR/A2507370620 DXA/CR DXA/CR000012.dcm;1.2.643.5.1.13.13.12.2.77.8252.04121102011402150303110508111305;1.2.643.5.1.13.13.12.2.77.8252.00110402080602151505051001010810;spine;0;no_violation;Success;0.0434
Датасет/НД_для_обучения/Исследования/2.25.184198356665635336833172191504278054074/series_004_2_CR/A250788286 DXA/CR DXA/CR000000.dcm;1.2.643.5.1.13.13.12.2.77.8252.04101108050208091310021407111214;1.2.643.5.1.13.13.12.2.77.8252.04151306060901060605121400081206;spine;0;no_violation;Success;0.0418
Датасет/НД_для_обучения/Исследования/2.25.184198356665635336833172191504278054074/series_004_2_CR/A250788286 DXA/CR DXA/CR000001.dcm;1.2.643.5.1.13.13.12.2.77.8252.04101108050208091310021407111214;1.2.643.5.1.13.13.12.2.77.8252.11141409010404080202090702050104;hip;0;no_violation;Success;0.0401
Датасет/НД_для_обучения/Исследования/2.25.184198356665635336833172191504278054074/series_004_2_CR/A250788286 DXA/CR DXA/CR000002.dcm;1.2.643.5.1.13.13.12.2.77.8252.04101108050208091310021407111214;1.2.643.5.1.13.13.12.2.77.8252.02150805140008141106110606070801;hip;0;no_violation;Success;0.0413
Датасет/НД_для_обучения/Исследования/2.25.186201010600484120326273381077449377115/series_004_2_CR/A250777475 DXA/CR DXA/CR000000.dcm;1.2.643.5.1.13.13.12.2.77.8252.04030111120106061513080209011000;1.2.643.5.1.13.13.12.2.77.8252.01110601131107041511021510061211;spine;0;no_violation;Success;0.0408
Датасет/НД_для_обучения/Исследования/2.25.186201010600484120326273381077449377115/series_004_2_CR/A250777475 DXA/CR DXA/CR000001.dcm;1.2.643.5.1.13.13.12.2.77.8252.04030111120106061513080209011000;1.2.643.5.1.13.13.12.2.77.8252.09061504020803021006021501021304;spine;0;no_violation;Success;0.038
Датасет/НД_для_обучения/Исследования/2.25.186201010600484120326273381077449377115/series_004_2_CR/A250777475 DXA/CR DXA/CR000002.dcm;1.2.643.5.1.13.13.12.2.77.8252.04030111120106061513080209011000;1.2.643.5.1.13.13.12.2.77.8252.00091315091215060415120908060402;spine;0;no_violation;Success;0.0373
Датасет/НД_для_обучения/Исследования/2.25.186201010600484120326273381077449377115/series_004_2_CR/A250777475 DXA/CR DXA/CR000003.dcm;1.2.643.5.1.13.13.12.2.77.8252.04030111120106061513080209011000;1.2.643.5.1.13.13.12.2.77.8252.01141302020713050903060503061314;spine;0;no_violation;Success;0.0387
Датасет/НД_для_обучения/Исследования/2.25.186201010600484120326273381077449377115/series_004_2_CR/A250777475 DXA/CR DXA/CR000004.dcm;1.2.643.5.1.13.13.12.2.77.8252.04030111120106061513080209011000;1.2.643.5.1.13.13.12.2.77.8252.13051209051006081503100907110310;spine;0;no_violation;Success;0.0413
Датасет/НД_для_обучения/Исследования/2.25.186201010600484120326273381077449377115/series_004_2_CR/A250777475 DXA/CR DXA/CR000005.dcm;1.2.643.5.1.13.13.12.2.77.8252.04030111120106061513080209011000;1.2.643.5.1.13.13.12.2.77.8252.07131015031512050310021202060000;spine;0;no_violation;Success;0.047
Датасет/НД_для_обучения/Исследования/2.25.186201010600484120326273381077449377115/series_004_2_CR/A250777475 DXA/CR DXA/CR000006.dcm;1.2.643.5.1.13.13.12.2.77.8252.04030111120106061513080209011000;1.2.643.5.1.13.13.12.2.77.8252.01060001050009070514040213010802;spine;0;no_violation;Success;0.0442
Датасет/НД_для_обучения/Исследования/2.25.186201010600484120326273381077449377115/series_004_2_CR/A250777475 DXA/CR DXA/CR000007.dcm;1.2.643.5.1.13.13.12.2.77.8252.04030111120106061513080209011000;1.2.643.5.1.13.13.12.2.77.8252.07140512060315100814061103061308;hip;1;position_rotation;Success;0.0415
Датасет/НД_для_обучения/Исследования/2.25.186201010600484120326273381077449377115/series_004_2_CR/A250777475 DXA/CR DXA/CR000008.dcm;1.2.643.5.1.13.13.12.2.77.8252.04030111120106061513080209011000;1.2.643.5.1.13.13.12.2.77.8252.05080405071204150306061400051307;spine;0;no_violation;Success;0.037
Датасет/НД_для_обучения/Исследования/2.25.186201010600484120326273381077449377115/series_004_2_CR/A250777475 DXA/CR DXA/CR000009.dcm;1.2.643.5.1.13.13.12.2.77.8252.04030111120106061513080209011000;1.2.643.5.1.13.13.12.2.77.8252.13020010101411130307011411150509;spine;0;no_violation;Success;0.0371
Датасет/НД_для_обучения/Исследования/2.25.186201010600484120326273381077449377115/series_004_2_CR/A250777475 DXA/CR DXA/CR000010.dcm;1.2.643.5.1.13.13.12.2.77.8252.04030111120106061513080209011000;1.2.643.5.1.13.13.12.2.77.8252.07061504011201061005090406100203;hip;1;position_rotation;Success;0.0517
Датасет/НД_для_обучения/Исследования/2.25.186201010600484120326273381077449377115/series_004_2_CR/A250777475 DXA/CR DXA/CR000011.dcm;1.2.643.5.1.13.13.12.2.77.8252.04030111120106061513080209011000;1.2.643.5.1.13.13.12.2.77.8252.04100315041404021215101114140602;hip;1;position_rotation;Success;0.0574
Датасет/НД_для_обучения/Исследования/2.25.190331309633057244929837507901317950031/series_001_2_CR/A250791815 DXA/CR DXA/CR000000.dcm;1.2.643.5.1.13.13.12.2.77.8252.08070600001410030512060707091212;1.2.643.5.1.13.13.12.2.77.8252.11050911061500091304001000100608;spine;0;no_violation;Success;0.0553
Датасет/НД_для_обучения/Исследования/2.25.190331309633057244929837507901317950031/series_001_2_CR/A250791815 DXA/CR DXA/CR000001.dcm;1.2.643.5.1.13.13.12.2.77.8252.08070600001410030512060707091212;1.2.643.5.1.13.13.12.2.77.8252.13070805121401080100090313021511;spine;0;no_violation;Success;0.0493
Датасет/НД_для_обучения/Исследования/2.25.190331309633057244929837507901317950031/series_001_2_CR/A250791815 DXA/CR DXA/CR000002.dcm;1.2.643.5.1.13.13.12.2.77.8252.08070600001410030512060707091212;1.2.643.5.1.13.13.12.2.77.8252.06100709031109071008120605101311;spine;0;no_violation;Success;0.0427
Датасет/НД_для_обучения/Исследования/2.25.190331309633057244929837507901317950031/series_001_2_CR/A250791815 DXA/CR DXA/CR000003.dcm;1.2.643.5.1.13.13.12.2.77.8252.08070600001410030512060707091212;1.2.643.5.1.13.13.12.2.77.8252.11100109131006120600020910050910;hip;1;position_rotation;Success;0.0459
Датасет/НД_для_обучения/Исследования/2.25.190331309633057244929837507901317950031/series_001_2_CR/A250791815 DXA/CR DXA/CR000004.dcm;1.2.643.5.1.13.13.12.2.77.8252.08070600001410030512060707091212;1.2.643.5.1.13.13.12.2.77.8252.03000010070307110614031003090302;spine;0;no_violation;Success;0.0383
Датасет/НД_для_обучения/Исследования/2.25.190331309633057244929837507901317950031/series_001_2_CR/A250791815 DXA/CR DXA/CR000005.dcm;1.2.643.5.1.13.13.12.2.77.8252.08070600001410030512060707091212;1.2.643.5.1.13.13.12.2.77.8252.02040104021012120313090806030008;hip;1;position_rotation;Success;0.0383
Датасет/НД_для_обучения/Исследования/2.25.190331309633057244929837507901317950031/series_001_2_CR/A250791815 DXA/CR DXA/CR000006.dcm;1.2.643.5.1.13.13.12.2.77.8252.08070600001410030512060707091212;1.2.643.5.1.13.13.12.2.77.8252.03020007121211050710080207000313;spine;0;no_violation;Success;0.0381
Датасет/НД_для_обучения/Исследования/2.25.190331309633057244929837507901317950031/series_001_2_CR/A250791815 DXA/CR DXA/CR000007.dcm;1.2.643.5.1.13.13.12.2.77.8252.08070600001410030512060707091212;1.2.643.5.1.13.13.12.2.77.8252.10061312041507151308110106051414;spine;0;no_violation;Success;0.0384
Датасет/НД_для_обучения/Исследования/2.25.190331309633057244929837507901317950031/series_001_2_CR/A250791815 DXA/CR DXA/CR000008.dcm;1.2.643.5.1.13.13.12.2.77.8252.08070600001410030512060707091212;1.2.643.5.1.13.13.12.2.77.8252.06130501091009001200080400150413;hip;1;position_rotation;Success;0.0381
Датасет/НД_для_обучения/Исследования/2.25.190331309633057244929837507901317950031/series_001_2_CR/A250791815 DXA/CR DXA/CR000009.dcm;1.2.643.5.1.13.13.12.2.77.8252.08070600001410030512060707091212;1.2.643.5.1.13.13.12.2.77.8252.11100404131302060711141306031414;spine;0;no_violation;Success;0.0401
Датасет/НД_для_обучения/Исследования/2.25.190331309633057244929837507901317950031/series_001_2_CR/A250791815 DXA/CR DXA/CR000010.dcm;1.2.643.5.1.13.13.12.2.77.8252.08070600001410030512060707091212;1.2.643.5.1.13.13.12.2.77.8252.09051315030213060214031014080701;spine;0;no_violation;Success;0.0427
Датасет/НД_для_обучения/Исследования/2.25.190807933410234695931591553323782771995/series_002_3_CR/A250762254 DXA/CR DXA/CR000000.dcm;1.2.643.5.1.13.13.12.2.77.8252.13050309140908091510010214121510;1.2.643.5.1.13.13.12.2.77.8252.04000404020304020301120408100801;hip;1;position_rotation;Success;0.0416
Датасет/НД_для_обучения/Исследования/2.25.190807933410234695931591553323782771995/series_002_3_CR/A250762254 DXA/CR DXA/CR000001.dcm;1.2.643.5.1.13.13.12.2.77.8252.13050309140908091510010214121510;1.2.643.5.1.13.13.12.2.77.8252.10101410111513000809081215030802;hip;0;no_violation;Success;0.0378
Датасет/НД_для_обучения/Исследования/2.25.215177279960644564778148238928738915103/series_002_2_CR/A2504147013 DXA/CR DXA/CR000000.dcm;1.2.643.5.1.13.13.12.2.77.8252.13011101150906100811130003020808;1.2.643.5.1.13.13.12.2.77.8252.02120211101306000510080011031411;hip;1;position_rotation;Success;0.0378
Датасет/НД_для_обучения/Исследования/2.25.215177279960644564778148238928738915103/series_002_2_CR/A2504147013 DXA/CR DXA/CR000001.dcm;1.2.643.5.1.13.13.12.2.77.8252.13011101150906100811130003020808;1.2.643.5.1.13.13.12.2.77.8252.05011012001311141515001115080104;spine;0;no_violation;Success;0.0379
Датасет/НД_для_обучения/Исследования/2.25.215177279960644564778148238928738915103/series_002_2_CR/A2504147013 DXA/CR DXA/CR000002.dcm;1.2.643.5.1.13.13.12.2.77.8252.13011101150906100811130003020808;1.2.643.5.1.13.13.12.2.77.8252.00070615051510041500030210150312;hip;1;position_rotation;Success;0.0429
Датасет/НД_для_обучения/Исследования/2.25.215177279960644564778148238928738915103/series_002_2_CR/A2504147013 DXA/CR DXA/CR000003.dcm;1.2.643.5.1.13.13.12.2.77.8252.13011101150906100811130003020808;1.2.643.5.1.13.13.12.2.77.8252.02080006130815010800091303020804;hip;1;position_rotation;Success;0.0459
Датасет/НД_для_обучения/Исследования/2.25.215177279960644564778148238928738915103/series_002_2_CR/A2504147013 DXA/CR DXA/CR000004.dcm;1.2.643.5.1.13.13.12.2.77.8252.13011101150906100811130003020808;1.2.643.5.1.13.13.12.2.77.8252.13140203110104081414101201001405;spine;0;no_violation;Success;0.0473
Датасет/НД_для_обучения/Исследования/2.25.217397325224876728316360420804118329081/series_002_2_CR/A250474631 DXA/CR DXA/CR000000.dcm;1.2.643.5.1.13.13.12.2.77.8252.15060506051311040306151405130812;1.2.643.5.1.13.13.12.2.77.8252.02091115080411030312040600000701;spine;0;no_violation;Success;0.0462
Датасет/НД_для_обучения/Исследования/2.25.217397325224876728316360420804118329081/series_002_2_CR/A250474631 DXA/CR DXA/CR000001.dcm;1.2.643.5.1.13.13.12.2.77.8252.15060506051311040306151405130812;1.2.643.5.1.13.13.12.2.77.8252.10000400041408060608031009090710;spine;0;no_violation;Success;0.0425
Датасет/НД_для_обучения/Исследования/2.25.217397325224876728316360420804118329081/series_002_2_CR/A250474631 DXA/CR DXA/CR000002.dcm;1.2.643.5.1.13.13.12.2.77.8252.15060506051311040306151405130812;1.2.643.5.1.13.13.12.2.77.8252.04131001000110131311121304090609;hip;1;position_rotation;Success;0.0474
Датасет/НД_для_обучения/Исследования/2.25.217397325224876728316360420804118329081/series_002_2_CR/A250474631 DXA/CR DXA/CR000003.dcm;1.2.643.5.1.13.13.12.2.77.8252.15060506051311040306151405130812;1.2.643.5.1.13.13.12.2.77.8252.01120903030308120114061013030505;spine;0;no_violation;Success;0.0404
Датасет/НД_для_обучения/Исследования/2.25.217397325224876728316360420804118329081/series_002_2_CR/A250474631 DXA/CR DXA/CR000004.dcm;1.2.643.5.1.13.13.12.2.77.8252.15060506051311040306151405130812;1.2.643.5.1.13.13.12.2.77.8252.03000813041512141007100304081206;hip;1;position_rotation;Success;0.0385
Датасет/НД_для_обучения/Исследования/2.25.217397325224876728316360420804118329081/series_002_2_CR/A250474631 DXA/CR DXA/CR000005.dcm;1.2.643.5.1.13.13.12.2.77.8252.15060506051311040306151405130812;1.2.643.5.1.13.13.12.2.77.8252.13021514070905140715121507140313;hip;1;position_rotation;Success;0.0382
Датасет/НД_для_обучения/Исследования/2.25.217397325224876728316360420804118329081/series_002_2_CR/A250474631 DXA/CR DXA/CR000006.dcm;1.2.643.5.1.13.13.12.2.77.8252.15060506051311040306151405130812;1.2.643.5.1.13.13.12.2.77.8252.08100408121001020706011402110914;spine;0;no_violation;Success;0.0379
Датасет/НД_для_обучения/Исследования/2.25.217397325224876728316360420804118329081/series_002_2_CR/A250474631 DXA/CR DXA/CR000007.dcm;1.2.643.5.1.13.13.12.2.77.8252.15060506051311040306151405130812;1.2.643.5.1.13.13.12.2.77.8252.15101108070415081206070914081510;spine;0;no_violation;Success;0.0374
Датасет/НД_для_обучения/Исследования/2.25.217397325224876728316360420804118329081/series_002_2_CR/A250474631 DXA/CR DXA/CR000008.dcm;1.2.643.5.1.13.13.12.2.77.8252.15060506051311040306151405130812;1.2.643.5.1.13.13.12.2.77.8252.14010614131006141014100714050813;spine;0;no_violation;Success;0.0436
Датасет/НД_для_обучения/Исследования/2.25.217397325224876728316360420804118329081/series_002_2_CR/A250474631 DXA/CR DXA/CR000009.dcm;1.2.643.5.1.13.13.12.2.77.8252.15060506051311040306151405130812;1.2.643.5.1.13.13.12.2.77.8252.07081006110204030410140712110010;spine;0;no_violation;Success;0.0462
Датасет/НД_для_обучения/Исследования/2.25.217397325224876728316360420804118329081/series_002_2_CR/A250474631 DXA/CR DXA/CR000010.dcm;1.2.643.5.1.13.13.12.2.77.8252.15060506051311040306151405130812;1.2.643.5.1.13.13.12.2.77.8252.03030902090804040112070613130312;spine;0;no_violation;Success;0.0431
Датасет/НД_для_обучения/Исследования/2.25.220866240977467582196609708837940253840/series_001_2_CR/A2504258893 DXA/CR DXA/CR000000.dcm;1.2.643.5.1.13.13.12.2.77.8252.04071115100300090601031200020808;1.2.643.5.1.13.13.12.2.77.8252.03010603150012061509030005111300;hip;1;position_rotation;Success;0.0402
Датасет/НД_для_обучения/Исследования/2.25.234651502352368356456298825489565282446/series_002_2_CR/A2504307193 DXA/CR DXA/CR000000.dcm;1.2.643.5.1.13.13.12.2.77.8252.11000715091405120315010100101510;1.2.643.5.1.13.13.12.2.77.8252.02051208030605070510050510081213;spine;0;no_violation;Success;0.0373
Датасет/НД_для_обучения/Исследования/2.25.234651502352368356456298825489565282446/series_002_2_CR/A2504307193 DXA/CR DXA/CR000001.dcm;1.2.643.5.1.13.13.12.2.77.8252.11000715091405120315010100101510;1.2.643.5.1.13.13.12.2.77.8252.05090510140315010003130007000910;spine;0;no_violation;Success;0.0368
Датасет/НД_для_обучения/Исследования/2.25.234651502352368356456298825489565282446/series_002_2_CR/A2504307193 DXA/CR DXA/CR000002.dcm;1.2.643.5.1.13.13.12.2.77.8252.11000715091405120315010100101510;1.2.643.5.1.13.13.12.2.77.8252.09031307051100020212010511060414;spine;0;no_violation;Success;0.0417
Датасет/НД_для_обучения/Исследования/2.25.234651502352368356456298825489565282446/series_002_2_CR/A2504307193 DXA/CR DXA/CR000003.dcm;1.2.643.5.1.13.13.12.2.77.8252.11000715091405120315010100101510;1.2.643.5.1.13.13.12.2.77.8252.09140613011500120102030800080807;spine;0;no_violation;Success;0.0409
Датасет/НД_для_обучения/Исследования/2.25.234651502352368356456298825489565282446/series_002_2_CR/A2504307193 DXA/CR DXA/CR000004.dcm;1.2.643.5.1.13.13.12.2.77.8252.11000715091405120315010100101510;1.2.643.5.1.13.13.12.2.77.8252.09061112071413071402070608030006;spine;0;no_violation;Success;0.0416
Датасет/НД_для_обучения/Исследования/2.25.234651502352368356456298825489565282446/series_002_2_CR/A2504307193 DXA/CR DXA/CR000005.dcm;1.2.643.5.1.13.13.12.2.77.8252.11000715091405120315010100101510;1.2.643.5.1.13.13.12.2.77.8252.14111506040710041211031511080401;spine;0;no_violation;Success;0.0374
Датасет/НД_для_обучения/Исследования/2.25.234651502352368356456298825489565282446/series_002_2_CR/A2504307193 DXA/CR DXA/CR000006.dcm;1.2.643.5.1.13.13.12.2.77.8252.11000715091405120315010100101510;1.2.643.5.1.13.13.12.2.77.8252.10051211011505050506141504040101;spine;0;no_violation;Success;0.0378
Датасет/НД_для_обучения/Исследования/2.25.234651502352368356456298825489565282446/series_002_2_CR/A2504307193 DXA/CR DXA/CR000007.dcm;1.2.643.5.1.13.13.12.2.77.8252.11000715091405120315010100101510;1.2.643.5.1.13.13.12.2.77.8252.15100402090103120615100706141310;spine;0;no_violation;Success;0.0374
Датасет/НД_для_обучения/Исследования/2.25.234651502352368356456298825489565282446/series_002_2_CR/A2504307193 DXA/CR DXA/CR000008.dcm;1.2.643.5.1.13.13.12.2.77.8252.11000715091405120315010100101510;1.2.643.5.1.13.13.12.2.77.8252.10021305031009110615021114111114;spine;0;no_violation;Success;0.0436
Датасет/НД_для_обучения/Исследования/2.25.234651502352368356456298825489565282446/series_002_2_CR/A2504307193 DXA/CR DXA/CR000009.dcm;1.2.643.5.1.13.13.12.2.77.8252.11000715091405120315010100101510;1.2.643.5.1.13.13.12.2.77.8252.09110410141103030507060004110108;spine;0;no_violation;Success;0.0448
Датасет/НД_для_обучения/Исследования/2.25.234651502352368356456298825489565282446/series_002_2_CR/A2504307193 DXA/CR DXA/CR000010.dcm;1.2.643.5.1.13.13.12.2.77.8252.11000715091405120315010100101510;1.2.643.5.1.13.13.12.2.77.8252.15060200100906151411000112060511;spine;0;no_violation;Success;0.0395
Датасет/НД_для_обучения/Исследования/2.25.247714038039430659432048101646401574824/series_002_2_CR/A2504238024 DXA Exam/CR DXA Images/CR000000.dcm;1.2.643.5.1.13.13.12.2.77.8252.01010712071105151008051412091100;1.2.643.5.1.13.13.12.2.77.8252.06051510010614000404080600020603;hip;0;no_violation;Success;0.0389
Датасет/НД_для_обучения/Исследования/2.25.247714038039430659432048101646401574824/series_002_2_CR/A2504238024 DXA Exam/CR DXA Images/CR000001.dcm;1.2.643.5.1.13.13.12.2.77.8252.01010712071105151008051412091100;1.2.643.5.1.13.13.12.2.77.8252.13110800060502010303101404091303;hip;0;no_violation;Success;0.0381
Датасет/НД_для_обучения/Исследования/2.25.247714038039430659432048101646401574824/series_002_2_CR/A2504238024 DXA Exam/CR DXA Images/CR000002.dcm;1.2.643.5.1.13.13.12.2.77.8252.01010712071105151008051412091100;1.2.643.5.1.13.13.12.2.77.8252.06030210110500061108030910090908;hip;1;position_rotation;Success;0.0377
Датасет/НД_для_обучения/Исследования/2.25.269648774413746842548908998641183395622/series_001_2_CR/A2504393664 DXA/CR DXA/CR000000.dcm;1.2.643.5.1.13.13.12.2.77.8252.13000111030510001210030508000815;1.2.643.5.1.13.13.12.2.77.8252.12031014110715041000030602140501;spine;0;no_violation;Success;0.0414
Датасет/НД_для_обучения/Исследования/2.25.269648774413746842548908998641183395622/series_001_2_CR/A2504393664 DXA/CR DXA/CR000001.dcm;1.2.643.5.1.13.13.12.2.77.8252.13000111030510001210030508000815;1.2.643.5.1.13.13.12.2.77.8252.02001209000515050108060411111311;hip;1;position_rotation;Success;0.0463
Датасет/НД_для_обучения/Исследования/2.25.269648774413746842548908998641183395622/series_001_2_CR/A2504393664 DXA/CR DXA/CR000002.dcm;1.2.643.5.1.13.13.12.2.77.8252.13000111030510001210030508000815;1.2.643.5.1.13.13.12.2.77.8252.12130902030702050210110604020115;spine;0;no_violation;Success;0.0384
Датасет/НД_для_обучения/Исследования/2.25.269742577365511543488820993979123763373/series_003_2_CR/A250477751 DXA/CR DXA/CR000000.dcm;1.2.643.5.1.13.13.12.2.77.8252.05011409090000061404080803060404;1.2.643.5.1.13.13.12.2.77.8252.11081308031311040302130506061304;hip;1;position_rotation;Success;0.0382
Датасет/НД_для_обучения/Исследования/2.25.272690031744216183651627058502316132741/series_002_2_CR/A2504373414 DXA/CR DXA/CR000000.dcm;1.2.643.5.1.13.13.12.2.77.8252.15120712020613071211131414040509;1.2.643.5.1.13.13.12.2.77.8252.01011201030601080312040805131303;hip;0;no_violation;Success;0.0387
Датасет/НД_для_обучения/Исследования/2.25.272690031744216183651627058502316132741/series_002_2_CR/A2504373414 DXA/CR DXA/CR000001.dcm;1.2.643.5.1.13.13.12.2.77.8252.15120712020613071211131414040509;1.2.643.5.1.13.13.12.2.77.8252.06030606140315081407041104141012;hip;1;position_rotation;Success;0.0376
Датасет/НД_для_обучения/Исследования/2.25.272690031744216183651627058502316132741/series_002_2_CR/A2504373414 DXA/CR DXA/CR000002.dcm;1.2.643.5.1.13.13.12.2.77.8252.15120712020613071211131414040509;1.2.643.5.1.13.13.12.2.77.8252.15091411140404110408151008030010;hip;0;no_violation;Success;0.041
Датасет/НД_для_обучения/Исследования/2.25.272690031744216183651627058502316132741/series_002_2_CR/A2504373414 DXA/CR DXA/CR000003.dcm;1.2.643.5.1.13.13.12.2.77.8252.15120712020613071211131414040509;1.2.643.5.1.13.13.12.2.77.8252.12111114061412150313141006121511;hip;0;no_violation;Success;0.0429
Датасет/НД_для_обучения/Исследования/2.25.272690031744216183651627058502316132741/series_002_2_CR/A2504373414 DXA/CR DXA/CR000004.dcm;1.2.643.5.1.13.13.12.2.77.8252.15120712020613071211131414040509;1.2.643.5.1.13.13.12.2.77.8252.11001315081502000300100815110411;hip;0;no_violation;Success;0.0419
Датасет/НД_для_обучения/Исследования/2.25.272690031744216183651627058502316132741/series_002_2_CR/A2504373414 DXA/CR DXA/CR000005.dcm;1.2.643.5.1.13.13.12.2.77.8252.15120712020613071211131414040509;1.2.643.5.1.13.13.12.2.77.8252.05061403001014150211070209121100;hip;0;no_violation;Success;0.0388
Датасет/НД_для_обучения/Исследования/2.25.272690031744216183651627058502316132741/series_002_2_CR/A2504373414 DXA/CR DXA/CR000006.dcm;1.2.643.5.1.13.13.12.2.77.8252.15120712020613071211131414040509;1.2.643.5.1.13.13.12.2.77.8252.07020101080211090714060800071015;hip;1;position_rotation;Success;0.0383
Датасет/НД_для_обучения/Исследования/2.25.272690031744216183651627058502316132741/series_002_2_CR/A2504373414 DXA/CR DXA/CR000007.dcm;1.2.643.5.1.13.13.12.2.77.8252.15120712020613071211131414040509;1.2.643.5.1.13.13.12.2.77.8252.10090104061310110414150206150115;hip;0;no_violation;Success;0.0384
Датасет/НД_для_обучения/Исследования/2.25.272690031744216183651627058502316132741/series_002_2_CR/A2504373414 DXA/CR DXA/CR000008.dcm;1.2.643.5.1.13.13.12.2.77.8252.15120712020613071211131414040509;1.2.643.5.1.13.13.12.2.77.8252.03130108120702021004141402130400;hip;0;no_violation;Success;0.042
Датасет/НД_для_обучения/Исследования/2.25.272690031744216183651627058502316132741/series_002_2_CR/A2504373414 DXA/CR DXA/CR000009.dcm;1.2.643.5.1.13.13.12.2.77.8252.15120712020613071211131414040509;1.2.643.5.1.13.13.12.2.77.8252.05090009071111050211130101070710;hip;1;position_rotation;Success;0.0466
Датасет/НД_для_обучения/Исследования/2.25.272690031744216183651627058502316132741/series_002_2_CR/A2504373414 DXA/CR DXA/CR000010.dcm;1.2.643.5.1.13.13.12.2.77.8252.15120712020613071211131414040509;1.2.643.5.1.13.13.12.2.77.8252.06121304010102150202081301011406;hip;0;no_violation;Success;0.0434
Датасет/НД_для_обучения/Исследования/2.25.276415754443998872860614500027519740375/series_002_2_CR/A2504387089 DXA/CR DXA/CR000000.dcm;1.2.643.5.1.13.13.12.2.77.8252.06111506140814121408000710091014;1.2.643.5.1.13.13.12.2.77.8252.13000009090006001202001212051006;spine;0;no_violation;Success;0.04
Датасет/НД_для_обучения/Исследования/2.25.276415754443998872860614500027519740375/series_002_2_CR/A2504387089 DXA/CR DXA/CR000001.dcm;1.2.643.5.1.13.13.12.2.77.8252.06111506140814121408000710091014;1.2.643.5.1.13.13.12.2.77.8252.00080112010710030607090609070409;spine;0;no_violation;Success;0.0375
Датасет/НД_для_обучения/Исследования/2.25.276415754443998872860614500027519740375/series_002_2_CR/A2504387089 DXA/CR DXA/CR000002.dcm;1.2.643.5.1.13.13.12.2.77.8252.06111506140814121408000710091014;1.2.643.5.1.13.13.12.2.77.8252.01080011050715071510151108031409;hip;0;no_violation;Success;0.0381
Датасет/НД_для_обучения/Исследования/2.25.276415754443998872860614500027519740375/series_002_2_CR/A2504387089 DXA/CR DXA/CR000003.dcm;1.2.643.5.1.13.13.12.2.77.8252.06111506140814121408000710091014;1.2.643.5.1.13.13.12.2.77.8252.12100615051100140712150704150801;hip;0;no_violation;Success;0.0423
Датасет/НД_для_обучения/Исследования/2.25.276415754443998872860614500027519740375/series_002_2_CR/A2504387089 DXA/CR DXA/CR000004.dcm;1.2.643.5.1.13.13.12.2.77.8252.06111506140814121408000710091014;1.2.643.5.1.13.13.12.2.77.8252.06120002061108140400041203121102;hip;0;no_violation;Success;0.0409
Датасет/НД_для_обучения/Исследования/2.25.276415754443998872860614500027519740375/series_002_2_CR/A2504387089 DXA/CR DXA/CR000005.dcm;1.2.643.5.1.13.13.12.2.77.8252.06111506140814121408000710091014;1.2.643.5.1.13.13.12.2.77.8252.15130815100101091501031008111015;hip;0;no_violation;Success;0.0406
Датасет/НД_для_обучения/Исследования/2.25.277752758923974029595977676354128739670/series_002_2_CR/A2504223752 DXA/CR DXA/CR000000.dcm;1.2.643.5.1.13.13.12.2.77.8252.01150001000900060703031302131108;1.2.643.5.1.13.13.12.2.77.8252.11140100091110050501140207060912;spine;0;no_violation;Success;0.0381
Датасет/НД_для_обучения/Исследования/2.25.277752758923974029595977676354128739670/series_002_2_CR/A2504223752 DXA/CR DXA/CR000001.dcm;1.2.643.5.1.13.13.12.2.77.8252.01150001000900060703031302131108;1.2.643.5.1.13.13.12.2.77.8252.05010011080903070300131415001403;spine;0;no_violation;Success;0.0376
Датасет/НД_для_обучения/Исследования/2.25.277752758923974029595977676354128739670/series_002_2_CR/A2504223752 DXA/CR DXA/CR000002.dcm;1.2.643.5.1.13.13.12.2.77.8252.01150001000900060703031302131108;1.2.643.5.1.13.13.12.2.77.8252.09010705011309010307011213150407;spine;0;no_violation;Success;0.0372
Датасет/НД_для_обучения/Исследования/2.25.277752758923974029595977676354128739670/series_002_2_CR/A2504223752 DXA/CR DXA/CR000003.dcm;1.2.643.5.1.13.13.12.2.77.8252.01150001000900060703031302131108;1.2.643.5.1.13.13.12.2.77.8252.05101415070003100803120514081507;spine;0;no_violation;Success;0.0416
Датасет/НД_для_обучения/Исследования/2.25.277752758923974029595977676354128739670/series_002_2_CR/A2504223752 DXA/CR DXA/CR000004.dcm;1.2.643.5.1.13.13.12.2.77.8252.01150001000900060703031302131108;1.2.643.5.1.13.13.12.2.77.8252.07090609050707040704081509101500;spine;1;artifacts;Success;0.0467
Датасет/НД_для_обучения/Исследования/2.25.277752758923974029595977676354128739670/series_002_2_CR/A2504223752 DXA/CR DXA/CR000005.dcm;1.2.643.5.1.13.13.12.2.77.8252.01150001000900060703031302131108;1.2.643.5.1.13.13.12.2.77.8252.15080302090100001214141305071301;spine;1;artifacts;Success;0.04
Датасет/НД_для_обучения/Исследования/2.25.286999464611662854355201599068538813496/series_003_2_CR/A2504223477 DXA/CR DXA/CR000000.dcm;1.2.643.5.1.13.13.12.2.77.8252.06121310051313071012071011000214;1.2.643.5.1.13.13.12.2.77.8252.11091010090201121300090614051311;spine;0;no_violation;Success;0.0376
Датасет/НД_для_обучения/Исследования/2.25.286999464611662854355201599068538813496/series_003_2_CR/A2504223477 DXA/CR DXA/CR000001.dcm;1.2.643.5.1.13.13.12.2.77.8252.06121310051313071012071011000214;1.2.643.5.1.13.13.12.2.77.8252.02141512030209141106060309030501;spine;0;no_violation;Success;0.039
Датасет/НД_для_обучения/Исследования/2.25.286999464611662854355201599068538813496/series_003_2_CR/A2504223477 DXA/CR DXA/CR000002.dcm;1.2.643.5.1.13.13.12.2.77.8252.06121310051313071012071011000214;1.2.643.5.1.13.13.12.2.77.8252.15080906090913051107110915140103;spine;0;no_violation;Success;0.0378
Датасет/НД_для_обучения/Исследования/2.25.286999464611662854355201599068538813496/series_003_2_CR/A2504223477 DXA/CR DXA/CR000003.dcm;1.2.643.5.1.13.13.12.2.77.8252.06121310051313071012071011000214;1.2.643.5.1.13.13.12.2.77.8252.02060612071110031306070811070605;spine;0;no_violation;Success;0.0478
Датасет/НД_для_обучения/Исследования/2.25.286999464611662854355201599068538813496/series_003_2_CR/A2504223477 DXA/CR DXA/CR000004.dcm;1.2.643.5.1.13.13.12.2.77.8252.06121310051313071012071011000214;1.2.643.5.1.13.13.12.2.77.8252.08001013010106001102020015031109;spine;0;no_violation;Success;0.0454
Датасет/НД_для_обучения/Исследования/2.25.286999464611662854355201599068538813496/series_003_2_CR/A2504223477 DXA/CR DXA/CR000005.dcm;1.2.643.5.1.13.13.12.2.77.8252.06121310051313071012071011000214;1.2.643.5.1.13.13.12.2.77.8252.11130511020109141404120604130811;spine;0;no_violation;Success;0.043
Датасет/НД_для_обучения/Исследования/2.25.29638026465755240167985424461715024381/series_004_3_CR/A2504115579 DXA/CR DXA/CR000000.dcm;1.2.643.5.1.13.13.12.2.77.8252.09020304121009030507130509070701;1.2.643.5.1.13.13.12.2.77.8252.09040806151211060704090912150608;spine;0;no_violation;Success;0.0428
Датасет/НД_для_обучения/Исследования/2.25.29638026465755240167985424461715024381/series_004_3_CR/A2504115579 DXA/CR DXA/CR000001.dcm;1.2.643.5.1.13.13.12.2.77.8252.09020304121009030507130509070701;1.2.643.5.1.13.13.12.2.77.8252.12021011000615031102060001101203;hip;1;position_rotation;Success;0.0381
Датасет/НД_для_обучения/Исследования/2.25.29638026465755240167985424461715024381/series_004_3_CR/A2504115579 DXA/CR DXA/CR000002.dcm;1.2.643.5.1.13.13.12.2.77.8252.09020304121009030507130509070701;1.2.643.5.1.13.13.12.2.77.8252.11100504100006050214040402081303;spine;0;no_violation;Success;0.0372
Датасет/НД_для_обучения/Исследования/2.25.29638026465755240167985424461715024381/series_004_3_CR/A2504115579 DXA/CR DXA/CR000003.dcm;1.2.643.5.1.13.13.12.2.77.8252.09020304121009030507130509070701;1.2.643.5.1.13.13.12.2.77.8252.12090901030412121214030908040015;spine;0;no_violation;Success;0.0425
Датасет/НД_для_обучения/Исследования/2.25.306921081709806079165809721263236241032/series_002_2_CR/A2504381177 DXA/CR DXA/CR000000.dcm;1.2.643.5.1.13.13.12.2.77.8252.13070707001109051012021502000705;1.2.643.5.1.13.13.12.2.77.8252.05140704131104071313121101000313;hip;1;position_rotation;Success;0.044
Датасет/НД_для_обучения/Исследования/2.25.307021710202910067378603383388989711646/series_004_2_CR/A2504110565 DXA/CR DXA/CR000000.dcm;1.2.643.5.1.13.13.12.2.77.8252.04040806101100130101150009051415;1.2.643.5.1.13.13.12.2.77.8252.10011315050807060809100706050011;hip;1;position_rotation;Success;0.0461
Датасет/НД_для_обучения/Исследования/2.25.307021710202910067378603383388989711646/series_004_2_CR/A2504110565 DXA/CR DXA/CR000001.dcm;1.2.643.5.1.13.13.12.2.77.8252.04040806101100130101150009051415;1.2.643.5.1.13.13.12.2.77.8252.12090115120005000603040515131409;spine;0;no_violation;Success;0.038
Датасет/НД_для_обучения/Исследования/2.25.307021710202910067378603383388989711646/series_004_2_CR/A2504110565 DXA/CR DXA/CR000002.dcm;1.2.643.5.1.13.13.12.2.77.8252.04040806101100130101150009051415;1.2.643.5.1.13.13.12.2.77.8252.04030803131507080109070101120910;spine;0;no_violation;Success;0.038
Датасет/НД_для_обучения/Исследования/2.25.307021710202910067378603383388989711646/series_004_2_CR/A2504110565 DXA/CR DXA/CR000003.dcm;1.2.643.5.1.13.13.12.2.77.8252.04040806101100130101150009051415;1.2.643.5.1.13.13.12.2.77.8252.08080707141115140509110700030200;spine;0;no_violation;Success;0.0417
Датасет/НД_для_обучения/Исследования/2.25.307021710202910067378603383388989711646/series_004_2_CR/A2504110565 DXA/CR DXA/CR000004.dcm;1.2.643.5.1.13.13.12.2.77.8252.04040806101100130101150009051415;1.2.643.5.1.13.13.12.2.77.8252.09020610121102091006070609000414;spine;1;quality_violation_unspecified;Success;0.0383
Датасет/НД_для_обучения/Исследования/2.25.307021710202910067378603383388989711646/series_004_2_CR/A2504110565 DXA/CR DXA/CR000005.dcm;1.2.643.5.1.13.13.12.2.77.8252.04040806101100130101150009051415;1.2.643.5.1.13.13.12.2.77.8252.09141210051000000105030213061514;spine;1;quality_violation_unspecified;Success;0.0395
Датасет/НД_для_обучения/Исследования/2.25.307021710202910067378603383388989711646/series_004_2_CR/A2504110565 DXA/CR DXA/CR000006.dcm;1.2.643.5.1.13.13.12.2.77.8252.04040806101100130101150009051415;1.2.643.5.1.13.13.12.2.77.8252.10030011090613091008080403130712;spine;1;quality_violation_unspecified;Success;0.0375
Датасет/НД_для_обучения/Исследования/2.25.307021710202910067378603383388989711646/series_004_2_CR/A2504110565 DXA/CR DXA/CR000007.dcm;1.2.643.5.1.13.13.12.2.77.8252.04040806101100130101150009051415;1.2.643.5.1.13.13.12.2.77.8252.10091201060313121514040903111108;spine;1;quality_violation_unspecified;Success;0.0381
Датасет/НД_для_обучения/Исследования/2.25.307021710202910067378603383388989711646/series_004_2_CR/A2504110565 DXA/CR DXA/CR000008.dcm;1.2.643.5.1.13.13.12.2.77.8252.04040806101100130101150009051415;1.2.643.5.1.13.13.12.2.77.8252.08061203141300041506070501101310;spine;0;no_violation;Success;0.0409
Датасет/НД_для_обучения/Исследования/2.25.307021710202910067378603383388989711646/series_004_2_CR/A2504110565 DXA/CR DXA/CR000009.dcm;1.2.643.5.1.13.13.12.2.77.8252.04040806101100130101150009051415;1.2.643.5.1.13.13.12.2.77.8252.01080203060404010906011511140504;spine;0;no_violation;Success;0.0457
Датасет/НД_для_обучения/Исследования/2.25.307021710202910067378603383388989711646/series_004_2_CR/A2504110565 DXA/CR DXA/CR000010.dcm;1.2.643.5.1.13.13.12.2.77.8252.04040806101100130101150009051415;1.2.643.5.1.13.13.12.2.77.8252.02020610071014010106090300080911;hip;1;position_rotation;Success;0.0389
Датасет/НД_для_обучения/Исследования/2.25.307021710202910067378603383388989711646/series_004_2_CR/A2504110565 DXA/CR DXA/CR000011.dcm;1.2.643.5.1.13.13.12.2.77.8252.04040806101100130101150009051415;1.2.643.5.1.13.13.12.2.77.8252.00041503151008120109091101041101;hip;1;position_rotation;Success;0.0383
Датасет/НД_для_обучения/Исследования/2.25.309085571913348252136520206003694446566/series_002_2_CR/A2504116267 DXA/CR DXA/CR000000.dcm;1.2.643.5.1.13.13.12.2.77.8252.06051105050701010502031403141206;1.2.643.5.1.13.13.12.2.77.8252.03121103130007121510030803050514;spine;0;no_violation;Success;0.0376
Датасет/НД_для_обучения/Исследования/2.25.309085571913348252136520206003694446566/series_002_2_CR/A2504116267 DXA/CR DXA/CR000001.dcm;1.2.643.5.1.13.13.12.2.77.8252.06051105050701010502031403141206;1.2.643.5.1.13.13.12.2.77.8252.07070904150315000704031208001011;hip;0;no_violation;Success;0.038
Датасет/НД_для_обучения/Исследования/2.25.309085571913348252136520206003694446566/series_002_2_CR/A2504116267 DXA/CR DXA/CR000002.dcm;1.2.643.5.1.13.13.12.2.77.8252.06051105050701010502031403141206;1.2.643.5.1.13.13.12.2.77.8252.09030700121011131209150303151015;hip;0;no_violation;Success;0.0418
Датасет/НД_для_обучения/Исследования/2.25.314147167453134440746270747484612743945/series_002_2_CR/A2504224780 DXA/CR DXA/CR000000.dcm;1.2.643.5.1.13.13.12.2.77.8252.10110305110802141404051200020210;1.2.643.5.1.13.13.12.2.77.8252.02000306061002040514101500000812;spine;0;no_violation;Success;0.0427
Датасет/НД_для_обучения/Исследования/2.25.314147167453134440746270747484612743945/series_002_2_CR/A2504224780 DXA/CR DXA/CR000001.dcm;1.2.643.5.1.13.13.12.2.77.8252.10110305110802141404051200020210;1.2.643.5.1.13.13.12.2.77.8252.01130904120915050401031210031001;spine;0;no_violation;Success;0.0404
Датасет/НД_для_обучения/Исследования/2.25.314147167453134440746270747484612743945/series_002_2_CR/A2504224780 DXA/CR DXA/CR000002.dcm;1.2.643.5.1.13.13.12.2.77.8252.10110305110802141404051200020210;1.2.643.5.1.13.13.12.2.77.8252.02120204101515130306021007150210;hip;1;position_rotation;Success;0.038
Датасет/НД_для_обучения/Исследования/2.25.322202456901330781765399791024580391565/series_002_2_CR/A2504350020 DXA/CR DXA/CR000000.dcm;1.2.643.5.1.13.13.12.2.77.8252.10000214070110110712041100051105;1.2.643.5.1.13.13.12.2.77.8252.06061007030610120805010913100711;spine;0;no_violation;Success;0.0383
Датасет/НД_для_обучения/Исследования/2.25.338439598607961312040815816824093323492/series_002_2_CR/A2504147124 DXA/CR DXA/CR000000.dcm;1.2.643.5.1.13.13.12.2.77.8252.09061205050201001102041514000912;1.2.643.5.1.13.13.12.2.77.8252.13110108131113110013070512051310;hip;1;position_rotation;Success;0.0378
Датасет/НД_для_обучения/Исследования/2.25.339027809107632348165171236474821772940/series_001_2_CR/A2504349642 DXA/CR DXA/CR000000.dcm;1.2.643.5.1.13.13.12.2.77.8252.00021509100701140314011205150113;1.2.643.5.1.13.13.12.2.77.8252.05111003151314100612100700031506;hip;0;no_violation;Success;0.0429
Датасет/НД_для_обучения/Исследования/2.25.339027809107632348165171236474821772940/series_001_2_CR/A2504349642 DXA/CR DXA/CR000001.dcm;1.2.643.5.1.13.13.12.2.77.8252.00021509100701140314011205150113;1.2.643.5.1.13.13.12.2.77.8252.04091012040015061107090014081504;spine;0;no_violation;Success;0.046
Датасет/НД_для_обучения/Исследования/2.25.339027809107632348165171236474821772940/series_001_2_CR/A2504349642 DXA/CR DXA/CR000002.dcm;1.2.643.5.1.13.13.12.2.77.8252.00021509100701140314011205150113;1.2.643.5.1.13.13.12.2.77.8252.11010912010413080807030107050600;hip;0;no_violation;Success;0.0487
Датасет/НД_для_обучения/Исследования/2.25.339027809107632348165171236474821772940/series_001_2_CR/A2504349642 DXA/CR DXA/CR000003.dcm;1.2.643.5.1.13.13.12.2.77.8252.00021509100701140314011205150113;1.2.643.5.1.13.13.12.2.77.8252.02060903061507111201080601150903;hip;0;no_violation;Success;0.0405
Датасет/НД_для_обучения/Исследования/2.25.339027809107632348165171236474821772940/series_001_2_CR/A2504349642 DXA/CR DXA/CR000004.dcm;1.2.643.5.1.13.13.12.2.77.8252.00021509100701140314011205150113;1.2.643.5.1.13.13.12.2.77.8252.09100506150509030310111310041309;spine;0;no_violation;Success;0.0377
Датасет/НД_для_обучения/Исследования/2.25.339027809107632348165171236474821772940/series_001_2_CR/A2504349642 DXA/CR DXA/CR000005.dcm;1.2.643.5.1.13.13.12.2.77.8252.00021509100701140314011205150113;1.2.643.5.1.13.13.12.2.77.8252.02080414020805070003121215081311;hip;0;no_violation;Success;0.0382
Датасет/НД_для_обучения/Исследования/2.25.340839477910528898406207279980417945/series_001_2_CR/A2504224555 DXA Exam/CR DXA Images/CR000000.dcm;1.2.643.5.1.13.13.12.2.77.8252.02100613110404001511060101141303;1.2.643.5.1.13.13.12.2.77.8252.14120712151005010200040708001308;hip;0;no_violation;Success;0.0439
Датасет/НД_для_обучения/Исследования/2.25.340839477910528898406207279980417945/series_001_2_CR/A2504224555 DXA Exam/CR DXA Images/CR000001.dcm;1.2.643.5.1.13.13.12.2.77.8252.02100613110404001511060101141303;1.2.643.5.1.13.13.12.2.77.8252.05030701101012140702110704000714;hip;0;no_violation;Success;0.0442
Датасет/НД_для_обучения/Исследования/2.25.340839477910528898406207279980417945/series_001_2_CR/A2504224555 DXA Exam/CR DXA Images/CR000002.dcm;1.2.643.5.1.13.13.12.2.77.8252.02100613110404001511060101141303;1.2.643.5.1.13.13.12.2.77.8252.12111312010203070900101115051015;hip;1;position_rotation;Success;0.039
Датасет/НД_для_обучения/Исследования/2.25.37515662379281069436632838996073181551/series_001_2_CR/A2504329840 DXA/CR DXA/CR000000.dcm;1.2.643.5.1.13.13.12.2.77.8252.08050709020911100006011108031308;1.2.643.5.1.13.13.12.2.77.8252.05001409080504151204111500000514;spine;0;no_violation;Success;0.0382
Датасет/НД_для_обучения/Исследования/2.25.37515662379281069436632838996073181551/series_001_2_CR/A2504329840 DXA/CR DXA/CR000001.dcm;1.2.643.5.1.13.13.12.2.77.8252.08050709020911100006011108031308;1.2.643.5.1.13.13.12.2.77.8252.12090208061115110101131315120813;spine;0;no_violation;Success;0.0376
Датасет/НД_для_обучения/Исследования/2.25.37515662379281069436632838996073181551/series_001_2_CR/A2504329840 DXA/CR DXA/CR000002.dcm;1.2.643.5.1.13.13.12.2.77.8252.08050709020911100006011108031308;1.2.643.5.1.13.13.12.2.77.8252.08110803070615141513021414111001;spine;0;no_violation;Success;0.0419
Датасет/НД_для_обучения/Исследования/2.25.39068163399801173920284179500049527111/series_002_2_CR/A2504195842 DXA/CR DXA/CR000000.dcm;1.2.643.5.1.13.13.12.2.77.8252.14030514000710060800130100011214;1.2.643.5.1.13.13.12.2.77.8252.00030605020706130003080307080701;spine;0;no_violation;Success;0.0404
Датасет/НД_для_обучения/Исследования/2.25.39068163399801173920284179500049527111/series_002_2_CR/A2504195842 DXA/CR DXA/CR000001.dcm;1.2.643.5.1.13.13.12.2.77.8252.14030514000710060800130100011214;1.2.643.5.1.13.13.12.2.77.8252.07150610130411050211021514011106;spine;0;no_violation;Success;0.038
Датасет/НД_для_обучения/Исследования/2.25.39068163399801173920284179500049527111/series_002_2_CR/A2504195842 DXA/CR DXA/CR000002.dcm;1.2.643.5.1.13.13.12.2.77.8252.14030514000710060800130100011214;1.2.643.5.1.13.13.12.2.77.8252.15141302131508150312140605060212;hip;1;position_rotation;Success;0.038
Датасет/НД_для_обучения/Исследования/2.25.48906424954135283790354958243772558962/series_001_2_CR/A2504185596 DXA Exam/CR DXA Images/CR000000.dcm;1.2.643.5.1.13.13.12.2.77.8252.06031007110009040706001109051004;1.2.643.5.1.13.13.12.2.77.8252.06080100090802110008000311010501;hip;1;quality_violation_unspecified;Success;0.0392
Датасет/НД_для_обучения/Исследования/2.25.48906424954135283790354958243772558962/series_001_2_CR/A2504185596 DXA Exam/CR DXA Images/CR000001.dcm;1.2.643.5.1.13.13.12.2.77.8252.06031007110009040706001109051004;1.2.643.5.1.13.13.12.2.77.8252.03010404051000131408111209140108;hip;1;quality_violation_unspecified;Success;0.0382
Датасет/НД_для_обучения/Исследования/2.25.48906424954135283790354958243772558962/series_001_2_CR/A2504185596 DXA Exam/CR DXA Images/CR000002.dcm;1.2.643.5.1.13.13.12.2.77.8252.06031007110009040706001109051004;1.2.643.5.1.13.13.12.2.77.8252.02031401091510001200041308031003;hip;1;position_rotation;Success;0.0437
Датасет/НД_для_обучения/Исследования/2.25.52532476139575422857225834315571570912/series_001_2_CR/A2504247961 DXA/CR DXA/CR000000.dcm;1.2.643.5.1.13.13.12.2.77.8252.12150004000513030900100606011509;1.2.643.5.1.13.13.12.2.77.8252.07120809010109050202061111011110;hip;1;position_rotation;Success;0.047
Датасет/НД_для_обучения/Исследования/2.25.52982400970721161435951723390541696819/series_001_2_CR/A2504331065 DXA/CR DXA/CR000000.dcm;1.2.643.5.1.13.13.12.2.77.8252.14030804041506011403100115131006;1.2.643.5.1.13.13.12.2.77.8252.07081506021006111207090213090701;hip;0;no_violation;Success;0.0408
Датасет/НД_для_обучения/Исследования/2.25.52982400970721161435951723390541696819/series_001_2_CR/A2504331065 DXA/CR DXA/CR000001.dcm;1.2.643.5.1.13.13.12.2.77.8252.14030804041506011403100115131006;1.2.643.5.1.13.13.12.2.77.8252.06001210040802120801060507001509;hip;0;no_violation;Success;0.0379
Датасет/НД_для_обучения/Исследования/2.25.52982400970721161435951723390541696819/series_001_2_CR/A2504331065 DXA/CR DXA/CR000002.dcm;1.2.643.5.1.13.13.12.2.77.8252.14030804041506011403100115131006;1.2.643.5.1.13.13.12.2.77.8252.02030504060005060505040905021305;hip;1;quality_violation_unspecified;Success;0.0378
Датасет/НД_для_обучения/Исследования/2.25.52982400970721161435951723390541696819/series_001_2_CR/A2504331065 DXA/CR DXA/CR000003.dcm;1.2.643.5.1.13.13.12.2.77.8252.14030804041506011403100115131006;1.2.643.5.1.13.13.12.2.77.8252.15141212090108110812010201000904;hip;0;no_violation;Success;0.0378
Датасет/НД_для_обучения/Исследования/2.25.52982400970721161435951723390541696819/series_001_2_CR/A2504331065 DXA/CR DXA/CR000004.dcm;1.2.643.5.1.13.13.12.2.77.8252.14030804041506011403100115131006;1.2.643.5.1.13.13.12.2.77.8252.06130007090800051113070612071205;hip;1;quality_violation_unspecified;Success;0.0416
Датасет/НД_для_обучения/Исследования/2.25.52982400970721161435951723390541696819/series_001_2_CR/A2504331065 DXA/CR DXA/CR000005.dcm;1.2.643.5.1.13.13.12.2.77.8252.14030804041506011403100115131006;1.2.643.5.1.13.13.12.2.77.8252.13060812000809140915061004151307;hip;0;no_violation;Success;0.042
Датасет/НД_для_обучения/Исследования/2.25.52982400970721161435951723390541696819/series_001_2_CR/A2504331065 DXA/CR DXA/CR000006.dcm;1.2.643.5.1.13.13.12.2.77.8252.14030804041506011403100115131006;1.2.643.5.1.13.13.12.2.77.8252.14150614130710030701101012031106;hip;0;no_violation;Success;0.0399
Датасет/НД_для_обучения/Исследования/2.25.52982400970721161435951723390541696819/series_001_2_CR/A2504331065 DXA/CR DXA/CR000007.dcm;1.2.643.5.1.13.13.12.2.77.8252.14030804041506011403100115131006;1.2.643.5.1.13.13.12.2.77.8252.10071506040807070913151311141504;hip;0;no_violation;Success;0.0374
Датасет/НД_для_обучения/Исследования/2.25.54396839637320114639948764487283877793/series_003_2_CR/A2504111090 DXA/CR DXA/CR000000.dcm;1.2.643.5.1.13.13.12.2.77.8252.15041203090015060404010507050405;1.2.643.5.1.13.13.12.2.77.8252.02060605151213121009151302130207;hip;1;position_rotation;Success;0.0379
Датасет/НД_для_обучения/Исследования/2.25.59542620917302828428419211045951914336/series_001_2_CR/A2504303391 DXA/CR DXA/CR000000.dcm;1.2.643.5.1.13.13.12.2.77.8252.13101512050003031109001004060403;1.2.643.5.1.13.13.12.2.77.8252.07101010011513020401030213080905;hip;1;position_rotation;Success;0.0378
Датасет/НД_для_обучения/Исследования/2.25.65954778282254353457041255543338557112/series_004_3_CR/A2504246289 DXA/CR DXA/CR000000.dcm;1.2.643.5.1.13.13.12.2.77.8252.09110800100012120800030006041405;1.2.643.5.1.13.13.12.2.77.8252.11130315030911081202140406010814;hip;0;no_violation;Success;0.042
Датасет/НД_для_обучения/Исследования/2.25.65954778282254353457041255543338557112/series_004_3_CR/A2504246289 DXA/CR DXA/CR000001.dcm;1.2.643.5.1.13.13.12.2.77.8252.09110800100012120800030006041405;1.2.643.5.1.13.13.12.2.77.8252.10000615050107010300151404090301;hip;0;no_violation;Success;0.0461
Датасет/НД_для_обучения/Исследования/2.25.65954778282254353457041255543338557112/series_004_3_CR/A2504246289 DXA/CR DXA/CR000002.dcm;1.2.643.5.1.13.13.12.2.77.8252.09110800100012120800030006041405;1.2.643.5.1.13.13.12.2.77.8252.05111111030105140803060510040613;hip;1;position_rotation;Success;0.0409
Датасет/НД_для_обучения/Исследования/2.25.66397484472966116002950503539482860450/series_001_2_CR/A2504194637 DXA/CR DXA/CR000000.dcm;1.2.643.5.1.13.13.12.2.77.8252.00140708141309070509131215090805;1.2.643.5.1.13.13.12.2.77.8252.02091011000006010704070004091411;spine;0;no_violation;Success;0.0375
Датасет/НД_для_обучения/Исследования/2.25.66397484472966116002950503539482860450/series_001_2_CR/A2504194637 DXA/CR DXA/CR000001.dcm;1.2.643.5.1.13.13.12.2.77.8252.00140708141309070509131215090805;1.2.643.5.1.13.13.12.2.77.8252.08151215001015040112061102060812;spine;0;no_violation;Success;0.0372
Датасет/НД_для_обучения/Исследования/2.25.66397484472966116002950503539482860450/series_001_2_CR/A2504194637 DXA/CR DXA/CR000002.dcm;1.2.643.5.1.13.13.12.2.77.8252.00140708141309070509131215090805;1.2.643.5.1.13.13.12.2.77.8252.03111115071204110106020413091215;spine;0;no_violation;Success;0.0371
Датасет/НД_для_обучения/Исследования/2.25.66397484472966116002950503539482860450/series_001_2_CR/A2504194637 DXA/CR DXA/CR000003.dcm;1.2.643.5.1.13.13.12.2.77.8252.00140708141309070509131215090805;1.2.643.5.1.13.13.12.2.77.8252.08021214010408050013070405100802;hip;1;quality_violation_unspecified;Success;0.0422
Датасет/НД_для_обучения/Исследования/2.25.66397484472966116002950503539482860450/series_001_2_CR/A2504194637 DXA/CR DXA/CR000004.dcm;1.2.643.5.1.13.13.12.2.77.8252.00140708141309070509131215090805;1.2.643.5.1.13.13.12.2.77.8252.01011407000709010910090115010000;hip;1;position_rotation;Success;0.0453
Датасет/НД_для_обучения/Исследования/2.25.66397484472966116002950503539482860450/series_001_2_CR/A2504194637 DXA/CR DXA/CR000005.dcm;1.2.643.5.1.13.13.12.2.77.8252.00140708141309070509131215090805;1.2.643.5.1.13.13.12.2.77.8252.15121501030904011113060500050403;spine;0;no_violation;Success;0.041
Датасет/НД_для_обучения/Исследования/2.25.66397484472966116002950503539482860450/series_001_2_CR/A2504194637 DXA/CR DXA/CR000006.dcm;1.2.643.5.1.13.13.12.2.77.8252.00140708141309070509131215090805;1.2.643.5.1.13.13.12.2.77.8252.10040310131315131311011115051512;hip;1;quality_violation_unspecified;Success;0.0419
Датасет/НД_для_обучения/Исследования/2.25.66397484472966116002950503539482860450/series_001_2_CR/A2504194637 DXA/CR DXA/CR000007.dcm;1.2.643.5.1.13.13.12.2.77.8252.00140708141309070509131215090805;1.2.643.5.1.13.13.12.2.77.8252.13130501101110040009090201091209;hip;1;quality_violation_unspecified;Success;0.0422
Датасет/НД_для_обучения/Исследования/2.25.66397484472966116002950503539482860450/series_001_2_CR/A2504194637 DXA/CR DXA/CR000008.dcm;1.2.643.5.1.13.13.12.2.77.8252.00140708141309070509131215090805;1.2.643.5.1.13.13.12.2.77.8252.15080405040711111211130015010914;hip;1;position_rotation;Success;0.0424
Датасет/НД_для_обучения/Исследования/2.25.66397484472966116002950503539482860450/series_001_2_CR/A2504194637 DXA/CR DXA/CR000009.dcm;1.2.643.5.1.13.13.12.2.77.8252.00140708141309070509131215090805;1.2.643.5.1.13.13.12.2.77.8252.00121200081108110912041503010000;hip;1;position_rotation;Success;0.048
Датасет/НД_для_обучения/Исследования/2.25.66397484472966116002950503539482860450/series_001_2_CR/A2504194637 DXA/CR DXA/CR000010.dcm;1.2.643.5.1.13.13.12.2.77.8252.00140708141309070509131215090805;1.2.643.5.1.13.13.12.2.77.8252.10080308141508151114100414150301;hip;1;quality_violation_unspecified;Success;0.0457
Датасет/НД_для_обучения/Исследования/2.25.73070100851377917031356937075051545239/series_002_2_CR/A2504239110 DXA/CR DXA/CR000000.dcm;1.2.643.5.1.13.13.12.2.77.8252.04140410030403000101120807100701;1.2.643.5.1.13.13.12.2.77.8252.00031305050707070014000611130907;spine;0;no_violation;Success;0.0432
Датасет/НД_для_обучения/Исследования/2.25.73070100851377917031356937075051545239/series_002_2_CR/A2504239110 DXA/CR DXA/CR000001.dcm;1.2.643.5.1.13.13.12.2.77.8252.04140410030403000101120807100701;1.2.643.5.1.13.13.12.2.77.8252.09110310111109140609041514031010;spine;0;no_violation;Success;0.0412
Датасет/НД_для_обучения/Исследования/2.25.73070100851377917031356937075051545239/series_002_2_CR/A2504239110 DXA/CR DXA/CR000002.dcm;1.2.643.5.1.13.13.12.2.77.8252.04140410030403000101120807100701;1.2.643.5.1.13.13.12.2.77.8252.03041015000108071402071509131313;spine;1;quality_violation_unspecified;Success;0.0383
Датасет/НД_для_обучения/Исследования/2.25.73070100851377917031356937075051545239/series_002_2_CR/A2504239110 DXA/CR DXA/CR000003.dcm;1.2.643.5.1.13.13.12.2.77.8252.04140410030403000101120807100701;1.2.643.5.1.13.13.12.2.77.8252.07150604010711031305090702140107;spine;1;quality_violation_unspecified;Success;0.0419
Датасет/НД_для_обучения/Исследования/2.25.73070100851377917031356937075051545239/series_002_2_CR/A2504239110 DXA/CR DXA/CR000004.dcm;1.2.643.5.1.13.13.12.2.77.8252.04140410030403000101120807100701;1.2.643.5.1.13.13.12.2.77.8252.13090506040311041500070413151313;spine;0;no_violation;Success;0.0407
Датасет/НД_для_обучения/Исследования/2.25.73070100851377917031356937075051545239/series_002_2_CR/A2504239110 DXA/CR DXA/CR000005.dcm;1.2.643.5.1.13.13.12.2.77.8252.04140410030403000101120807100701;1.2.643.5.1.13.13.12.2.77.8252.12110509121413070408000802041201;spine;0;no_violation;Success;0.0469
Датасет/НД_для_обучения/Исследования/2.25.76710355977373089612172037086913478687/series_002_3_CR/A2504104830 DXA/CR DXA/CR000000.dcm;1.2.643.5.1.13.13.12.2.77.8252.02001413040700010813000013120308;1.2.643.5.1.13.13.12.2.77.8252.14130302090906050506100315000611;spine;0;no_violation;Success;0.0437
Датасет/НД_для_обучения/Исследования/2.25.76710355977373089612172037086913478687/series_002_3_CR/A2504104830 DXA/CR DXA/CR000001.dcm;1.2.643.5.1.13.13.12.2.77.8252.02001413040700010813000013120308;1.2.643.5.1.13.13.12.2.77.8252.06151311061015011100110511080701;hip;1;position_rotation;Success;0.0417
Датасет/НД_для_обучения/Исследования/2.25.76710355977373089612172037086913478687/series_002_3_CR/A2504104830 DXA/CR DXA/CR000002.dcm;1.2.643.5.1.13.13.12.2.77.8252.02001413040700010813000013120308;1.2.643.5.1.13.13.12.2.77.8252.02050808061207030811150709091509;hip;0;no_violation;Success;0.0427
Датасет/НД_для_обучения/Исследования/2.25.78999454687125053757525542837745968726/series_004_3_CR/A2504222617 DXA/CR DXA/CR000000.dcm;1.2.643.5.1.13.13.12.2.77.8252.11011102050904000102020212011404;1.2.643.5.1.13.13.12.2.77.8252.05120913001500151408091003040415;spine;0;no_violation;Success;0.0397
Датасет/НД_для_обучения/Исследования/2.25.78999454687125053757525542837745968726/series_004_3_CR/A2504222617 DXA/CR DXA/CR000001.dcm;1.2.643.5.1.13.13.12.2.77.8252.11011102050904000102020212011404;1.2.643.5.1.13.13.12.2.77.8252.07150713040501120002001009141410;spine;0;no_violation;Success;0.0399
Датасет/НД_для_обучения/Исследования/2.25.78999454687125053757525542837745968726/series_004_3_CR/A2504222617 DXA/CR DXA/CR000002.dcm;1.2.643.5.1.13.13.12.2.77.8252.11011102050904000102020212011404;1.2.643.5.1.13.13.12.2.77.8252.11011500050713141305050211140308;hip;1;position_rotation;Success;0.0384
Датасет/НД_для_обучения/Исследования/2.25.82912555346523716720160717883917565880/series_002_2_CR/A2504149480 DXA/CR DXA/CR000000.dcm;1.2.643.5.1.13.13.12.2.77.8252.07120201111314111500000602130205;1.2.643.5.1.13.13.12.2.77.8252.15121403061107000609060400100413;spine;0;no_violation;Success;0.0375
Датасет/НД_для_обучения/Исследования/2.25.82912555346523716720160717883917565880/series_002_2_CR/A2504149480 DXA/CR DXA/CR000001.dcm;1.2.643.5.1.13.13.12.2.77.8252.07120201111314111500000602130205;1.2.643.5.1.13.13.12.2.77.8252.14111212050609060202121515040103;spine;0;no_violation;Success;0.0435
Датасет/НД_для_обучения/Исследования/2.25.82912555346523716720160717883917565880/series_002_2_CR/A2504149480 DXA/CR DXA/CR000002.dcm;1.2.643.5.1.13.13.12.2.77.8252.07120201111314111500000602130205;1.2.643.5.1.13.13.12.2.77.8252.07130510130614040904060413131200;spine;0;no_violation;Success;0.0442
Датасет/НД_для_обучения/Исследования/2.25.82912555346523716720160717883917565880/series_002_2_CR/A2504149480 DXA/CR DXA/CR000003.dcm;1.2.643.5.1.13.13.12.2.77.8252.07120201111314111500000602130205;1.2.643.5.1.13.13.12.2.77.8252.06060810060308150905140912050013;spine;0;no_violation;Success;0.0454
Датасет/НД_для_обучения/Исследования/2.25.82912555346523716720160717883917565880/series_002_2_CR/A2504149480 DXA/CR DXA/CR000004.dcm;1.2.643.5.1.13.13.12.2.77.8252.07120201111314111500000602130205;1.2.643.5.1.13.13.12.2.77.8252.13130903011502030304101506090814;spine;0;no_violation;Success;0.0402
Датасет/НД_для_обучения/Исследования/2.25.82912555346523716720160717883917565880/series_002_2_CR/A2504149480 DXA/CR DXA/CR000005.dcm;1.2.643.5.1.13.13.12.2.77.8252.07120201111314111500000602130205;1.2.643.5.1.13.13.12.2.77.8252.15001111061311011106030303001309;spine;0;no_violation;Success;0.0378
Датасет/НД_для_обучения/Исследования/2.25.87718478011637131470224319788530286374/series_002_2_CR/A2504337993 DXA/CR DXA/CR000000.dcm;1.2.643.5.1.13.13.12.2.77.8252.07060506150205030514061006111408;1.2.643.5.1.13.13.12.2.77.8252.10041006131411151513070104110809;spine;0;no_violation;Success;0.0378
Датасет/НД_для_обучения/Исследования/2.25.87869906212286587478854831452123526595/series_002_2_CR/A250419699 DXA/CR DXA/CR000000.dcm;1.2.643.5.1.13.13.12.2.77.8252.09131504151204000006060612091203;1.2.643.5.1.13.13.12.2.77.8252.06111209081313111015020309051508;hip;0;no_violation;Success;0.0422
Датасет/НД_для_обучения/Исследования/2.25.87869906212286587478854831452123526595/series_002_2_CR/A250419699 DXA/CR DXA/CR000001.dcm;1.2.643.5.1.13.13.12.2.77.8252.09131504151204000006060612091203;1.2.643.5.1.13.13.12.2.77.8252.04050904100201141507070306131511;hip;1;position_rotation;Success;0.0424
Датасет/НД_для_обучения/Исследования/2.25.87869906212286587478854831452123526595/series_002_2_CR/A250419699 DXA/CR DXA/CR000002.dcm;1.2.643.5.1.13.13.12.2.77.8252.09131504151204000006060612091203;1.2.643.5.1.13.13.12.2.77.8252.15101115041306031303150405131115;hip;0;no_violation;Success;0.0396
Датасет/НД_для_обучения/Исследования/2.25.91981043841368764114007975581101713077/series_003_2_CR/A250496619 DXA/CR DXA/CR000000.dcm;1.2.643.5.1.13.13.12.2.77.8252.07090507040208000106080811060202;1.2.643.5.1.13.13.12.2.77.8252.08061201060114131102110802141411;hip;0;no_violation;Success;0.0375
Датасет/НД_для_обучения/Исследования/2.25.91981043841368764114007975581101713077/series_003_2_CR/A250496619 DXA/CR DXA/CR000001.dcm;1.2.643.5.1.13.13.12.2.77.8252.07090507040208000106080811060202;1.2.643.5.1.13.13.12.2.77.8252.04141409090807040100020211061514;hip;0;no_violation;Success;0.0378
Датасет/НД_для_обучения/Исследования/2.25.91981043841368764114007975581101713077/series_003_2_CR/A250496619 DXA/CR DXA/CR000002.dcm;1.2.643.5.1.13.13.12.2.77.8252.07090507040208000106080811060202;1.2.643.5.1.13.13.12.2.77.8252.04000607141411061507120106050309;hip;0;no_violation;Success;0.0374
Датасет/НД_для_обучения/Исследования/2.25.91981043841368764114007975581101713077/series_003_2_CR/A250496619 DXA/CR DXA/CR000003.dcm;1.2.643.5.1.13.13.12.2.77.8252.07090507040208000106080811060202;1.2.643.5.1.13.13.12.2.77.8252.03130309141409040708100214070815;hip;0;no_violation;Success;0.0457
Датасет/НД_для_обучения/Исследования/2.25.91981043841368764114007975581101713077/series_003_2_CR/A250496619 DXA/CR DXA/CR000004.dcm;1.2.643.5.1.13.13.12.2.77.8252.07090507040208000106080811060202;1.2.643.5.1.13.13.12.2.77.8252.07021003040810040809000711080701;hip;1;position_rotation;Success;0.1473
Датасет/НД_для_обучения/Исследования/2.25.91981043841368764114007975581101713077/series_003_2_CR/A250496619 DXA/CR DXA/CR000005.dcm;1.2.643.5.1.13.13.12.2.77.8252.07090507040208000106080811060202;1.2.643.5.1.13.13.12.2.77.8252.04111101091200130111070203120509;hip;0;no_violation;Success;0.0865
Датасет/НД_для_обучения/Исследования/2.25.91981043841368764114007975581101713077/series_003_2_CR/A250496619 DXA/CR DXA/CR000006.dcm;1.2.643.5.1.13.13.12.2.77.8252.07090507040208000106080811060202;1.2.643.5.1.13.13.12.2.77.8252.04141300131506141004121211120710;hip;0;no_violation;Success;0.0744
Датасет/НД_для_обучения/Исследования/2.25.91981043841368764114007975581101713077/series_003_2_CR/A250496619 DXA/CR DXA/CR000007.dcm;1.2.643.5.1.13.13.12.2.77.8252.07090507040208000106080811060202;1.2.643.5.1.13.13.12.2.77.8252.09031306140406050914091115001515;hip;0;no_violation;Success;0.0895
Датасет/НД_для_обучения/Исследования/2.25.91981043841368764114007975581101713077/series_003_2_CR/A250496619 DXA/CR DXA/CR000008.dcm;1.2.643.5.1.13.13.12.2.77.8252.07090507040208000106080811060202;1.2.643.5.1.13.13.12.2.77.8252.03070910041410130909021014090904;hip;0;no_violation;Success;0.0672
Датасет/НД_для_обучения/Исследования/2.25.91981043841368764114007975581101713077/series_003_2_CR/A250496619 DXA/CR DXA/CR000009.dcm;1.2.643.5.1.13.13.12.2.77.8252.07090507040208000106080811060202;1.2.643.5.1.13.13.12.2.77.8252.01031400050508070812091015000904;hip;1;position_rotation;Success;0.0514
Датасет/НД_для_обучения/Исследования/2.25.91981043841368764114007975581101713077/series_003_2_CR/A250496619 DXA/CR DXA/CR000010.dcm;1.2.643.5.1.13.13.12.2.77.8252.07090507040208000106080811060202;1.2.643.5.1.13.13.12.2.77.8252.07120905081404061009060805020905;hip;1;position_rotation;Success;0.0462
Датасет/НД_для_обучения/Исследования/2.25.91981043841368764114007975581101713077/series_003_2_CR/A250496619 DXA/CR DXA/CR000011.dcm;1.2.643.5.1.13.13.12.2.77.8252.07090507040208000106080811060202;1.2.643.5.1.13.13.12.2.77.8252.07130502151014041012130400130108;hip;0;no_violation;Success;0.0495
